-- phpMyAdmin SQL Dump
-- version 5.2.1
-- https://www.phpmyadmin.net/
--
-- Host: 127.0.0.1
-- Generation Time: May 29, 2024 at 07:08 AM
-- Server version: 10.4.32-MariaDB
-- PHP Version: 8.0.30

SET SQL_MODE = "NO_AUTO_VALUE_ON_ZERO";
START TRANSACTION;
SET time_zone = "+00:00";


/*!40101 SET @OLD_CHARACTER_SET_CLIENT=@@CHARACTER_SET_CLIENT */;
/*!40101 SET @OLD_CHARACTER_SET_RESULTS=@@CHARACTER_SET_RESULTS */;
/*!40101 SET @OLD_COLLATION_CONNECTION=@@COLLATION_CONNECTION */;
/*!40101 SET NAMES utf8mb4 */;

--
-- Database: `ci4`
--

-- --------------------------------------------------------

--
-- Table structure for table `detail_penjualan`
--

CREATE TABLE `detail_penjualan` (
  `id` int(10) NOT NULL,
  `id_pelanggan` int(4) NOT NULL,
  `id_invoice` int(4) DEFAULT NULL,
  `tgl_penjualan` date NOT NULL,
  `jumlah` decimal(10,0) NOT NULL,
  `created_at` datetime NOT NULL,
  `updated_at` datetime NOT NULL
) ENGINE=InnoDB DEFAULT CHARSET=utf8mb4 COLLATE=utf8mb4_general_ci;

-- --------------------------------------------------------

--
-- Table structure for table `detail_penjualan2`
--

CREATE TABLE `detail_penjualan2` (
  `id` int(11) NOT NULL,
  `id_pelanggan` int(4) NOT NULL,
  `id_invoice` int(4) DEFAULT NULL,
  `tgl_penjualan` date NOT NULL,
  `jumlah` decimal(10,0) NOT NULL,
  `created_at` datetime NOT NULL,
  `updated_at` datetime NOT NULL
) ENGINE=InnoDB DEFAULT CHARSET=utf8mb4 COLLATE=utf8mb4_general_ci;

--
-- Dumping data for table `detail_penjualan2`
--

INSERT INTO `detail_penjualan2` (`id`, `id_pelanggan`, `id_invoice`, `tgl_penjualan`, `jumlah`, `created_at`, `updated_at`) VALUES
(4, 33, NULL, '2024-03-18', 73000, '2024-03-18 03:49:54', '2024-03-18 07:30:47'),
(5, 53, NULL, '2024-03-18', 87000, '2024-03-18 03:55:37', '2024-03-18 03:55:37'),
(6, 54, NULL, '2024-03-18', 72000, '2024-03-18 03:56:48', '2024-03-18 03:56:48'),
(7, 59, NULL, '2024-03-18', 167500, '2024-03-18 04:04:08', '2024-03-18 04:04:08'),
(8, 56, NULL, '2024-03-18', 53500, '2024-03-18 04:04:41', '2024-03-18 04:04:41'),
(9, 60, NULL, '2024-03-15', 3350000, '2024-03-18 07:33:05', '2024-03-18 07:33:05'),
(10, 37, NULL, '2024-03-17', 235000, '2024-03-18 07:36:53', '2024-03-18 07:36:53'),
(11, 7, NULL, '2024-03-11', 202500, '2024-03-18 07:37:29', '2024-03-18 07:37:29'),
(12, 35, NULL, '2024-03-08', 473000, '2024-03-18 07:38:48', '2024-03-18 07:38:48'),
(13, 7, NULL, '2024-03-17', 416000, '2024-03-18 08:04:14', '2024-03-18 08:04:14'),
(14, 36, NULL, '2024-03-18', 180250, '2024-03-18 08:04:59', '2024-03-18 08:04:59'),
(15, 61, NULL, '2024-03-13', 80000, '2024-03-18 08:06:24', '2024-03-18 08:06:24'),
(16, 62, NULL, '2024-03-17', 80000, '2024-03-18 08:07:34', '2024-03-18 08:07:34');

-- --------------------------------------------------------

--
-- Table structure for table `invoice`
--

CREATE TABLE `invoice` (
  `id` int(6) NOT NULL,
  `no_invoice` varchar(40) NOT NULL,
  `tgl_invoice` date NOT NULL,
  `total` decimal(12,0) NOT NULL,
  `deskripsi` varchar(40) NOT NULL,
  `created_at` datetime NOT NULL,
  `updated_at` datetime NOT NULL
) ENGINE=InnoDB DEFAULT CHARSET=utf8mb4 COLLATE=utf8mb4_general_ci;

--
-- Dumping data for table `invoice`
--

INSERT INTO `invoice` (`id`, `no_invoice`, `tgl_invoice`, `total`, `deskripsi`, `created_at`, `updated_at`) VALUES
(23, '0001/UB-BSM-1/032024', '2024-03-21', 367000, '', '2024-03-25 20:15:22', '2024-03-25 20:15:22'),
(24, '0025/UB-BSM-2/032024', '2024-03-22', 500000, '', '2024-03-25 20:15:59', '2024-03-25 20:15:59'),
(25, '0026/UB-BSM-6/032024', '2024-03-22', 200000, '', '2024-03-25 20:16:31', '2024-03-25 20:16:31'),
(26, '0027/UB-BSM-9/032024', '2024-03-21', 125000, '', '2024-03-25 20:17:30', '2024-03-25 20:17:30'),
(27, '0028/UB-BSM-8/032024', '2024-03-23', 190000, '', '2024-03-25 20:18:20', '2024-03-25 20:18:20'),
(28, '0029/UB-BSM-7/022024', '2024-02-23', 2348800, '', '2024-03-26 07:59:05', '2024-03-26 07:59:05'),
(29, '0030/UB-BSM-INV9/032024', '2024-03-31', 350000, 'INVOICE(9)032024', '2024-03-31 10:18:07', '2024-03-31 10:18:07');

-- --------------------------------------------------------

--
-- Table structure for table `kas`
--

CREATE TABLE `kas` (
  `id` int(2) NOT NULL,
  `nama_kas` varchar(25) NOT NULL,
  `pemegang_kas` varchar(30) NOT NULL
) ENGINE=InnoDB DEFAULT CHARSET=utf8mb4 COLLATE=utf8mb4_general_ci;

--
-- Dumping data for table `kas`
--

INSERT INTO `kas` (`id`, `nama_kas`, `pemegang_kas`) VALUES
(1, 'PELAKSANA', 'IVAN BASUKI'),
(2, 'BENDAHARA', 'HENDRO MAULANA');

-- --------------------------------------------------------

--
-- Table structure for table `kelompok`
--

CREATE TABLE `kelompok` (
  `id` int(4) NOT NULL,
  `kode_klp` varchar(10) NOT NULL,
  `nama_klp` varchar(30) NOT NULL,
  `prefix_kk` varchar(6) NOT NULL,
  `created_at` datetime NOT NULL DEFAULT current_timestamp(),
  `updated_at` datetime NOT NULL DEFAULT current_timestamp()
) ENGINE=InnoDB DEFAULT CHARSET=utf8mb4 COLLATE=utf8mb4_general_ci;

--
-- Dumping data for table `kelompok`
--

INSERT INTO `kelompok` (`id`, `kode_klp`, `nama_klp`, `prefix_kk`, `created_at`, `updated_at`) VALUES
(1, 'NG1', 'Ngaliyan 1', 'N1', '2024-04-12 00:26:42', '2024-04-12 00:26:42'),
(2, 'NG2', 'Ngaliyan 2', 'N2', '2024-04-12 00:26:42', '2024-04-12 00:26:42'),
(3, 'KR1', 'Krapyak 1', 'K1', '2024-04-12 00:26:42', '2024-04-12 00:26:42'),
(4, 'KR2', 'Krapyak 2', 'K2', '2024-04-12 00:26:42', '2024-04-12 00:26:42'),
(5, 'TML', 'Taman Lele', 'TL', '2024-04-12 00:26:42', '2024-04-12 00:26:42'),
(6, 'TGR', 'Tugurejo', 'TR', '2024-04-12 00:26:42', '2024-04-12 00:26:42'),
(7, 'SM1', 'Saptamarga 1', 'S1', '2024-04-12 00:26:42', '2024-04-12 00:26:42'),
(8, 'SM2', 'Saptamarga 2', 'S2', '2024-04-12 00:26:42', '2024-04-12 00:26:42'),
(9, 'BRG', 'Beringin', 'BR', '2024-04-12 00:26:42', '2024-04-12 00:26:42'),
(10, 'WNH', 'Wonoharjo', 'WH', '2024-04-12 00:26:42', '2024-04-12 00:26:42');

-- --------------------------------------------------------

--
-- Table structure for table `konfigurasi`
--

CREATE TABLE `konfigurasi` (
  `id` int(4) NOT NULL,
  `kode` varchar(20) NOT NULL,
  `nama_kode` varchar(40) NOT NULL,
  `created_at` datetime NOT NULL DEFAULT current_timestamp(),
  `updated_at` datetime NOT NULL DEFAULT current_timestamp()
) ENGINE=InnoDB DEFAULT CHARSET=utf8mb4 COLLATE=utf8mb4_general_ci;

--
-- Dumping data for table `konfigurasi`
--

INSERT INTO `konfigurasi` (`id`, `kode`, `nama_kode`, `created_at`, `updated_at`) VALUES
(1, 'KETUA', 'IVAN BASUKI', '2024-03-31 04:49:44', '2024-03-30 21:59:42'),
(2, 'BENDAHARA', 'HENDRO MAULANA', '2024-03-30 21:57:35', '2024-03-30 22:53:28'),
(3, 'SEKRETARIS', 'WAHYUDIN', '2024-03-30 21:57:56', '2024-03-30 21:57:56'),
(4, 'NAMA_UB', 'BINA SYIRKAH MANDIRI', '2024-03-30 21:59:05', '2024-03-30 21:59:05'),
(5, 'NO_INVOICE', 'UB-BSM-INV', '2024-03-30 22:01:06', '2024-03-30 22:01:06'),
(6, 'NO_BAYAR', 'UB-BSM-PAY', '2024-03-30 22:01:46', '2024-03-30 22:01:46'),
(8, 'NO_BAYAR_KREDIT', 'UB-BSM-ANGS', '2024-03-31 22:09:47', '2024-03-31 22:09:47'),
(9, 'KODE_UB', 'BSM', '2024-04-02 00:44:11', '2024-04-02 00:44:11'),
(10, 'NAMA_DESA', 'KEMBANGARUM & TUGU', '2024-04-13 16:12:55', '2024-04-13 16:12:55'),
(11, 'ALAMAT_UB', '-', '2024-04-13 16:14:42', '2024-04-13 16:14:42'),
(12, 'SAHAM_BACKGROUND', 'l2.jpg', '2024-04-13 09:29:14', '2024-04-13 09:29:14'),
(13, 'SAHAM_WATERMARK', 'watermark1.jpg', '2024-04-13 09:29:57', '2024-04-13 09:29:57'),
(14, 'SAHAM_LOGO', 'ldii.png', '2024-04-13 09:30:20', '2024-04-13 09:30:20'),
(15, 'SAHAM_ORIENTATION', 'landscape', '2024-04-14 07:02:19', '2024-04-14 07:02:19'),
(16, 'SAHAM_PAPER', 'A4', '2024-04-14 07:06:31', '2024-05-11 21:01:45'),
(17, 'SAHAM_OPACITY', '0.4', '2024-04-14 14:45:20', '2024-04-14 16:18:53'),
(18, 'NAMA_DAERAH', 'SEMARANG BARAT', '2024-04-14 14:51:34', '2024-04-14 14:51:34'),
(19, 'SAHAM_WARNA_H1', 'BLACK', '2024-04-14 16:19:38', '2024-04-14 16:17:53'),
(20, 'SAHAM_WARNA_H2', 'RED', '2024-04-14 16:19:38', '2024-04-14 16:19:38'),
(21, 'SAHAM_MT', '3cm', '2024-04-14 16:29:53', '2024-04-14 16:29:53'),
(22, 'SAHAM_MB', '1cm', '2024-04-14 16:29:53', '2024-04-14 16:29:53'),
(23, 'SAHAM_ML', '1cm', '2024-04-14 16:30:28', '2024-04-14 16:30:28'),
(24, 'SAHAM_MR', '1cm', '2024-04-14 16:30:28', '2024-04-14 16:30:28'),
(25, 'SAHAM_FONT_H1', 'Trebuchet MS, sans-serif', '2024-04-14 16:23:52', '2024-04-14 16:32:12'),
(26, 'SAHAM_FONT_H2', 'Brush Script MT', '2024-04-14 16:25:05', '2024-04-14 16:25:05'),
(27, 'KUITANSI_ORIENTATION', 'lanscape', '2024-04-17 11:53:18', '2024-04-17 11:53:18'),
(28, 'KUITANSI_PAPER', 'A4', '2024-04-17 11:53:18', '2024-04-17 11:53:18'),
(29, 'KUITANSI_SCALE', 'mm', '2024-04-17 11:53:36', '2024-04-17 11:53:36'),
(30, 'SHU_2023', '1200', '2024-05-01 00:04:16', '2024-05-01 00:04:16'),
(31, 'SHU_2022', '1000', '2024-05-02 16:51:44', '2024-05-02 16:51:44');

-- --------------------------------------------------------

--
-- Table structure for table `menu`
--

CREATE TABLE `menu` (
  `id` int(4) NOT NULL,
  `level` int(1) NOT NULL,
  `parent_id` int(4) NOT NULL,
  `title` varchar(50) NOT NULL,
  `tag` varchar(30) NOT NULL,
  `img` varchar(30) NOT NULL,
  `url` varchar(50) NOT NULL,
  `tcode` varchar(40) NOT NULL,
  `ismenu` enum('Y','N') NOT NULL,
  `posisi` varchar(12) NOT NULL DEFAULT 'left',
  `created_at` datetime NOT NULL,
  `updated_at` datetime NOT NULL
) ENGINE=InnoDB DEFAULT CHARSET=utf8mb4 COLLATE=utf8mb4_general_ci;

--
-- Dumping data for table `menu`
--

INSERT INTO `menu` (`id`, `level`, `parent_id`, `title`, `tag`, `img`, `url`, `tcode`, `ismenu`, `posisi`, `created_at`, `updated_at`) VALUES
(1, 0, 0, 'Saham UB', 'saham', 'user-plus', '#', '', 'Y', 'left', '2024-05-08 17:02:26', '2024-05-08 17:02:26'),
(2, 0, 0, 'Retail', 'sembako', 'shopping-bag', '#', '', 'Y', 'left', '2024-05-08 17:02:26', '2024-05-08 17:02:26'),
(3, 0, 0, 'Pembiayaan', 'pembiayaan', 'bank', '#', '', 'Y', 'left', '2024-05-08 17:03:59', '2024-05-08 17:03:59'),
(4, 0, 0, 'Master Data', 'master', 'database', '#', '', 'Y', 'left', '2024-05-08 17:03:59', '2024-05-08 17:03:59'),
(5, 0, 0, 'Laporan', 'reporting', 'file-text', '#', '', 'Y', 'top', '2024-05-08 17:04:50', '2024-05-08 17:04:50'),
(6, 0, 0, 'Chart', 'grafik', 'chart-line', '#', '', 'Y', 'top', '2024-05-08 17:04:50', '2024-05-08 17:04:50'),
(7, 1, 1, 'SAHAM KK', '', '', '/ub/kk', 'tkk', 'Y', 'left', '2024-05-09 00:16:27', '2024-05-09 00:16:27'),
(8, 1, 1, 'Saham Per Jiwa', '', '', '/ub/member', 'tsaham', 'Y', 'left', '2024-05-09 07:23:33', '2024-05-09 07:23:33'),
(9, 1, 1, 'Mutasi Saham', '', '', '/ub/mutasi', 'tmutasi', 'Y', 'left', '2024-05-09 00:16:27', '2024-05-09 00:16:27'),
(10, 1, 5, 'Rekap Kelompok', '', '', '/ub/rekapKelompok', 'trekap', 'Y', 'left', '2024-05-09 00:16:27', '2024-05-24 21:43:29'),
(11, 1, 2, 'Pembelian Barang', '-', '-', '/ub/pengeluaran', 'tbeli', 'Y', 'left', '2024-05-09 09:45:33', '2024-05-09 09:45:33'),
(12, 1, 2, 'Penjualan', '-', '-', '/ub/penjualan', 'tjual', 'Y', 'left', '2024-05-09 09:46:44', '2024-05-09 09:46:44'),
(13, 1, 2, 'Invoice', '-', '-', '/ub/Invoice', 'tinvoice', 'Y', 'left', '2024-05-09 09:47:43', '2024-05-09 09:47:43'),
(14, 1, 2, 'Pembayaran', '-', '-', '/ub/pembayaran', 'tbayar', 'Y', 'left', '2024-05-09 09:48:26', '2024-05-09 09:48:26'),
(15, 1, 3, 'Produk Pembiayaan', '-', '-', '/ub/produk', 'tproduk', 'Y', 'left', '2024-05-09 09:57:30', '2024-05-09 09:57:30'),
(16, 1, 3, 'Nasabah', '-', '-', '/ub/nasabah', 'tnasabah', 'Y', 'left', '2024-05-09 09:59:15', '2024-05-09 09:59:15'),
(17, 1, 3, 'Pembayaran', '-', '-', '/ub/pembayaranKredit', 'tbayarkredit', 'Y', 'left', '2024-05-09 09:59:42', '2024-05-09 09:59:42'),
(18, 0, 0, 'Setting', 'setting', 'cog', '#', '', 'Y', 'left', '2024-05-09 10:05:28', '2024-05-09 10:05:28'),
(19, 1, 18, 'POS Penerimaan', '-', '-', '/ub/posdebet', 'tposdebet', 'Y', 'left', '2024-05-09 10:07:25', '2024-05-09 10:07:25'),
(20, 1, 18, 'POS Pengeluaran', '-', '-', '/ub/poskredit', 'tposkredit', 'Y', 'left', '2024-05-09 10:08:29', '2024-05-09 10:08:29'),
(21, 1, 18, 'Konfigurasi', '-', '-', '/ub/listConfig', 'tconfig', 'Y', 'left', '2024-05-09 10:09:03', '2024-05-09 10:09:03'),
(22, 1, 4, 'Data Pelanggan', '-', '-', '/ub/pelanggan', 'tpelanggan', 'Y', 'left', '2024-05-09 10:11:08', '2024-05-09 10:11:08'),
(23, 1, 4, 'User', '-', '-', '/ub/userList', 'tuser', 'Y', 'left', '2024-05-09 10:11:54', '2024-05-09 10:11:54'),
(24, 0, 0, 'Upload', 'upload', 'upload', '#', '', 'Y', 'left', '2024-05-09 10:27:19', '2024-05-09 10:27:19'),
(25, 1, 24, 'Data Kelompok', '-', '-', 'Kelompok/upload', 'tuploadkelompok', 'Y', 'left', '2024-05-09 10:29:15', '2024-05-09 10:29:15'),
(26, 1, 24, 'Pos Penerimaan', '-', '-', 'posKas/upload/DEBET', 'tuploaddebet', 'Y', 'left', '2024-05-09 10:29:15', '2024-05-09 10:29:15'),
(27, 1, 24, 'Pos Pengeluaran', '-', '-', 'posKas/upload/KREDIT', 'tuploadkredit', 'Y', 'left', '2024-05-09 10:32:38', '2024-05-09 10:32:38'),
(28, 1, 24, 'Saham KK', '-', '-', 'Sahamkk/upload', 'tuploadkk', 'Y', 'left', '2024-05-09 10:32:38', '2024-05-09 10:32:38'),
(29, 1, 24, 'Saham Per Jiwa', '-', '-', 'Saham/upload', 'tuploadsaham', 'Y', 'left', '2024-05-09 10:32:38', '2024-05-09 10:32:38'),
(30, 1, 24, 'Tipe Saham', '-', '-', 'tipeSaham/upload', 'tuploadtipe', 'Y', 'left', '2024-05-09 10:32:38', '2024-05-09 10:32:38'),
(31, 1, 24, 'Produk Kredit', '-', '-', 'Produk/uploadKredit', 'tuploadproduk', 'Y', 'left', '2024-05-09 10:32:38', '2024-05-09 10:32:38'),
(32, 1, 24, 'Pembelian', '-', '-', 'Pengeluaran/uploadPengeluaran', 'tuploadpembelian', 'Y', 'left', '2024-05-09 10:37:31', '2024-05-09 10:37:31'),
(33, 1, 5, 'History Mutasi', '-', '-', '/ub/historyMutasi', 'tlapmutasi', 'Y', 'left', '2024-05-09 10:37:31', '2024-05-09 10:37:31'),
(34, 1, 5, 'History Resign', '-', '-', '/ub/historyResign', 'tlapresign', 'Y', 'left', '2024-05-09 10:37:31', '2024-05-09 10:37:31'),
(35, 1, 5, 'Cetak Saham', '-', '-', '/ub/cetakSaham', 'tcetaksaham', 'Y', 'left', '2024-05-09 10:37:31', '2024-05-09 10:37:31'),
(36, 1, 5, 'Cetak Daftar Saham', '-', '-', '/ub/cetakSahamKelompok', 'tcetaksahamkelompok', 'Y', 'left', '2024-05-09 10:37:31', '2024-05-09 10:37:31'),
(37, 1, 5, 'Cetak SHU', '-', '-', '/ub/cetakSHU', '', 'Y', 'left', '2024-05-09 10:37:31', '2024-05-09 10:37:31'),
(38, 1, 6, 'Saham KK Kelompok', '-', '-', '/ub/chartBar', '', 'Y', 'left', '2024-05-09 10:37:31', '2024-05-09 10:37:31'),
(39, 1, 6, 'Saham Kelompok', '-', '-', '/ub/chart3dDonut', '', 'Y', 'left', '2024-05-09 10:37:31', '2024-05-09 10:37:31'),
(40, 1, 6, 'Pengeluaran UB', '-', '-', '/ub/chartLine', '', 'Y', 'left', '2024-05-09 10:37:31', '2024-05-09 10:37:31'),
(41, 1, 6, 'Saham UB Kelompok', '-', '-', '/ub/chartPie', '', 'Y', 'left', '2024-05-09 10:37:31', '2024-05-09 10:37:31'),
(42, 1, 6, 'Saham UB Kategori', '-', '-', '/ub/chartPie2', '', 'Y', 'left', '2024-05-09 10:37:31', '2024-05-09 10:37:31'),
(45, 1, 18, 'Role', '-', '-', 'login/role', 'role', 'Y', 'left', '2024-05-11 23:04:49', '2024-05-11 23:04:49'),
(46, 0, 0, 'Input Data', 'tcode', 'toggle-on', '#', '-', 'Y', 'left', '2024-05-16 04:52:17', '2024-05-16 04:52:17'),
(47, 1, 46, 'Tambah KK', '-', '-', 'Sahamkk/createkk', 'tambahkk', 'Y', 'left', '2024-05-16 04:56:01', '2024-05-18 23:06:54'),
(48, 1, 46, 'Input Pemegang Saham', '-', '-', 'Saham/create', 'tambahanggota', 'Y', 'left', '2024-05-16 05:28:28', '2024-05-24 17:00:46'),
(49, 1, 18, 'Menu', '', '', 'Menu/index', 'tmenu', 'Y', 'left', '2024-05-21 02:00:30', '2024-05-21 02:00:30'),
(50, 1, 5, 'Saham Per Kelompok', '', '', 'Saham/detailSahamKelompokAll', 'tsahamkelompok', 'Y', 'left', '2024-05-24 19:01:17', '2024-05-24 19:05:28'),
(51, 0, 0, 'Test', '', 'arrow', '#', '', 'Y', 'ATAS', '2024-05-26 15:28:02', '2024-05-26 15:28:02'),
(52, 0, 0, 'test2', 'test2', 'help', '#', '', 'Y', 'top', '2024-05-26 21:50:38', '2024-05-26 23:22:42'),
(53, 1, 52, 'submneu test2 edit', '-', '', 'menu/submenutest2edit', 'smtest2edit', 'Y', 'left', '2024-05-26 23:24:15', '2024-05-26 23:25:17');

-- --------------------------------------------------------

--
-- Table structure for table `migrations`
--

CREATE TABLE `migrations` (
  `id` bigint(20) UNSIGNED NOT NULL,
  `version` varchar(255) NOT NULL,
  `class` varchar(255) NOT NULL,
  `group` varchar(255) NOT NULL,
  `namespace` varchar(255) NOT NULL,
  `time` int(11) NOT NULL,
  `batch` int(11) UNSIGNED NOT NULL
) ENGINE=InnoDB DEFAULT CHARSET=utf8 COLLATE=utf8_general_ci;

-- --------------------------------------------------------

--
-- Table structure for table `nasabah_kredit`
--

CREATE TABLE `nasabah_kredit` (
  `id` int(4) NOT NULL,
  `id_kredit` int(4) NOT NULL,
  `id_anggota` int(4) NOT NULL,
  `tgl_transaksi` date NOT NULL,
  `created_at` datetime NOT NULL,
  `updated_at` datetime NOT NULL
) ENGINE=InnoDB DEFAULT CHARSET=utf8mb4 COLLATE=utf8mb4_general_ci;

--
-- Dumping data for table `nasabah_kredit`
--

INSERT INTO `nasabah_kredit` (`id`, `id_kredit`, `id_anggota`, `tgl_transaksi`, `created_at`, `updated_at`) VALUES
(23, 5, 6, '2024-03-06', '2024-03-20 02:09:44', '2024-03-20 02:09:44'),
(24, 3, 11, '2024-01-20', '2024-03-20 02:12:28', '2024-03-20 02:12:28'),
(25, 6, 71, '2024-03-20', '2024-03-26 16:06:12', '2024-03-26 16:06:12'),
(26, 2, 86, '2023-12-29', '2024-04-01 22:37:32', '2024-04-01 22:37:32'),
(27, 2, 53, '2024-02-02', '2024-04-01 22:38:50', '2024-04-01 22:38:50'),
(28, 2, 84, '2024-03-22', '2024-04-01 22:39:31', '2024-04-01 22:39:31'),
(29, 2, 78, '2023-12-27', '2024-04-02 00:48:00', '2024-04-02 00:48:00'),
(30, 2, 44, '2023-12-27', '2024-04-02 00:48:22', '2024-04-02 00:48:22'),
(31, 2, 44, '2023-12-27', '2024-04-02 00:48:58', '2024-04-02 00:48:58'),
(32, 2, 74, '2023-12-27', '2024-04-02 00:49:50', '2024-04-02 00:49:50'),
(33, 2, 73, '2023-12-27', '2024-04-02 00:50:15', '2024-04-02 00:50:15'),
(34, 13, 88, '2024-01-05', '2024-05-06 15:58:21', '2024-05-07 23:50:59'),
(35, 11, 64, '2024-04-06', '2024-05-06 16:02:21', '2024-05-06 16:02:21'),
(36, 2, 63, '2024-02-06', '2024-05-06 16:46:51', '2024-05-06 16:46:51'),
(37, 2, 85, '2024-02-06', '2024-05-06 16:47:38', '2024-05-06 16:47:38'),
(38, 2, 83, '2023-11-29', '2024-05-06 17:09:55', '2024-05-06 17:09:55'),
(39, 2, 76, '2023-12-27', '2024-05-06 18:06:18', '2024-05-06 18:06:18'),
(40, 2, 75, '2023-12-28', '2024-05-06 18:06:40', '2024-05-06 18:06:40'),
(41, 2, 72, '2024-02-07', '2024-05-06 18:17:03', '2024-05-06 18:17:03'),
(42, 2, 14, '2023-12-28', '2024-05-06 18:19:30', '2024-05-06 18:19:30'),
(43, 4, 14, '2023-12-07', '2024-05-06 18:19:56', '2024-05-06 18:19:56'),
(44, 4, 14, '2023-12-27', '2024-05-06 18:20:24', '2024-05-06 18:20:24'),
(45, 2, 82, '2023-12-28', '2024-05-06 18:22:48', '2024-05-06 18:22:48'),
(46, 2, 79, '2023-12-28', '2024-05-06 18:30:59', '2024-05-06 18:30:59'),
(47, 3, 80, '2023-12-28', '2024-05-06 18:32:36', '2024-05-06 18:32:36'),
(48, 2, 90, '2023-12-28', '2024-05-06 18:34:30', '2024-05-06 18:34:30'),
(49, 3, 81, '2023-12-28', '2024-05-06 18:35:10', '2024-05-06 18:35:10'),
(50, 2, 92, '2024-05-06', '2024-05-06 22:17:30', '2024-05-06 22:17:30'),
(51, 10, 13, '2024-04-22', '2024-05-06 23:56:25', '2024-05-06 23:56:25'),
(52, 11, 64, '2024-04-06', '2024-05-06 23:58:31', '2024-05-06 23:58:31'),
(53, 8, 88, '2024-04-26', '2024-05-06 23:59:55', '2024-05-21 01:38:55'),
(54, 7, 87, '2024-05-05', '2024-05-07 00:02:08', '2024-05-07 00:02:08'),
(55, 12, 40, '2024-01-01', '2024-05-07 00:13:33', '2024-05-07 00:13:33'),
(56, 9, 2, '2024-04-22', '2024-05-07 00:58:09', '2024-05-07 00:58:09'),
(57, 14, 93, '2023-12-18', '2024-05-07 01:11:33', '2024-05-07 01:11:33'),
(58, 15, 94, '2023-10-12', '2024-05-07 01:20:00', '2024-05-07 01:20:00'),
(59, 16, 14, '2023-08-04', '2024-05-07 01:56:39', '2024-05-07 02:01:10'),
(60, 17, 96, '2023-11-21', '2024-05-07 14:00:44', '2024-05-07 14:00:44'),
(61, 18, 13, '2023-10-25', '2024-05-07 22:30:39', '2024-05-07 22:30:39'),
(62, 19, 61, '2023-07-26', '2024-05-07 22:56:24', '2024-05-07 22:56:24'),
(63, 20, 65, '2023-10-25', '2024-05-07 23:43:44', '2024-05-07 23:43:44'),
(64, 21, 97, '2023-07-26', '2024-05-08 05:19:57', '2024-05-08 05:19:57'),
(65, 22, 64, '2023-07-15', '2024-05-08 05:46:17', '2024-05-08 05:46:17'),
(66, 23, 2, '2023-05-15', '2024-05-08 07:54:31', '2024-05-08 07:54:31'),
(67, 24, 98, '2023-05-10', '2024-05-08 07:56:03', '2024-05-08 07:56:03'),
(68, 2, 99, '2024-05-13', '2024-05-12 05:27:20', '2024-05-12 05:27:20'),
(69, 2, 13, '2024-05-13', '2024-05-12 06:28:26', '2024-05-12 06:28:26'),
(70, 8, 88, '2024-05-21', '2024-05-21 01:35:22', '2024-05-21 01:35:22');

-- --------------------------------------------------------

--
-- Table structure for table `pelanggan`
--

CREATE TABLE `pelanggan` (
  `id` int(11) NOT NULL,
  `nama_pelanggan` varchar(40) NOT NULL,
  `hp` varchar(20) NOT NULL,
  `id_anggota` int(4) NOT NULL,
  `id_kelompok` int(4) NOT NULL,
  `created_at` datetime NOT NULL,
  `updated_at` datetime NOT NULL
) ENGINE=InnoDB DEFAULT CHARSET=utf8mb4 COLLATE=utf8mb4_general_ci;

--
-- Dumping data for table `pelanggan`
--

INSERT INTO `pelanggan` (`id`, `nama_pelanggan`, `hp`, `id_anggota`, `id_kelompok`, `created_at`, `updated_at`) VALUES
(2, 'Ivan Basuki', '0895618433933', 0, 2, '2024-03-16 17:20:02', '2024-03-16 17:20:02'),
(4, 'H.SAMSU BUDIHARJO-KOMP 50 LBR', '089675378899', 336, 9, '2024-03-17 10:15:23', '2024-03-17 10:15:23'),
(5, 'DEMININGSIH', '', 337, 9, '2024-03-17 10:15:41', '2024-03-17 10:15:41'),
(6, 'RATNA DEWI +5', '', 487, 6, '2024-03-17 10:16:26', '2024-03-17 10:16:26'),
(7, 'Zulaikhoh', '', 0, 1, '2024-03-17 10:30:06', '2024-03-17 10:30:06'),
(8, 'Sigit', '', 0, 8, '2024-03-17 10:32:52', '2024-03-17 10:32:52'),
(9, 'MUNJAMIL', '', 330, 8, '2024-03-17 10:33:15', '2024-03-17 10:33:15'),
(10, 'SUYATNO', '', 318, 8, '2024-03-17 10:33:36', '2024-03-17 10:33:36'),
(11, 'WAHYUDI', '', 335, 8, '2024-03-17 10:33:49', '2024-03-17 10:33:49'),
(12, 'SUTIKNO', '', 296, 8, '2024-03-17 10:34:03', '2024-03-17 10:34:03'),
(13, 'SLAMET WIDODO', '', 52, 3, '2024-03-17 10:34:36', '2024-03-17 10:34:36'),
(14, 'SUYANTO', '', 18, 3, '2024-03-17 10:35:07', '2024-03-17 10:35:07'),
(15, 'IMAM MUHTAROM', '', 530, 1, '2024-03-17 10:35:32', '2024-03-17 10:35:32'),
(20, 'Intan', '', 0, 5, '2024-03-17 12:56:58', '2024-03-17 12:56:58'),
(21, 'RANTINAH', '', 403, 5, '2024-03-17 12:57:20', '2024-03-17 12:57:20'),
(22, 'Zulaikho', '', 0, 5, '2024-03-17 12:58:17', '2024-03-17 12:58:17'),
(23, 'Suyanti', '', 0, 5, '2024-03-17 12:58:45', '2024-03-17 12:58:45'),
(24, 'MARYUTI', '', 409, 5, '2024-03-17 13:00:15', '2024-03-17 13:00:15'),
(25, 'DINA PURNAMA', '', 421, 5, '2024-03-17 13:00:29', '2024-03-17 13:00:29'),
(26, 'RIKA NURJANAH', '', 494, 5, '2024-03-17 13:01:54', '2024-03-17 13:01:54'),
(27, 'RAKIYEM', '', 366, 5, '2024-03-17 13:02:15', '2024-03-17 13:02:15'),
(28, 'DIAN NUR LATIFAH', '', 388, 5, '2024-03-17 13:02:32', '2024-03-17 13:02:32'),
(29, 'Vita', '', 0, 5, '2024-03-17 13:03:06', '2024-03-17 13:03:06'),
(30, 'SOLEKHAH', '', 384, 5, '2024-03-17 13:03:23', '2024-03-17 13:03:23'),
(31, 'MURNI SARI', '', 369, 5, '2024-03-17 13:03:41', '2024-03-17 13:03:41'),
(32, 'NGATIKEM', '', 401, 5, '2024-03-17 13:03:52', '2024-03-17 13:03:52'),
(33, 'KHULAYAH', '', 396, 5, '2024-03-17 13:04:03', '2024-03-17 13:04:03'),
(34, 'SRI JUARIYAH', '', 374, 5, '2024-03-17 13:04:23', '2024-03-17 13:04:23'),
(35, 'ENDANG WAHYUNINGSIH', '+62 856-4040-1912', 503, 1, '2024-03-17 15:27:55', '2024-03-17 15:27:55'),
(36, 'HERIWANTO', '', 525, 1, '2024-03-17 15:29:21', '2024-03-17 15:29:21'),
(37, 'RIYOPO', '', 560, 1, '2024-03-17 15:29:38', '2024-03-17 15:29:38'),
(38, 'HJ. SRI YULIANTI', '', 510, 1, '2024-03-17 15:29:55', '2024-03-17 15:29:55'),
(39, 'HJ.NANI R', '', 498, 1, '2024-03-17 15:30:11', '2024-03-17 15:30:11'),
(40, 'SUYONO', '', 143, 7, '2024-03-17 15:30:56', '2024-03-17 15:30:56'),
(41, 'SUPARMAN', '', 231, 7, '2024-03-17 15:31:10', '2024-03-17 15:31:10'),
(42, 'Nafis Wahyudi', '', 0, 7, '2024-03-17 15:32:19', '2024-03-17 15:32:19'),
(43, 'Daryanto', '', 0, 7, '2024-03-17 15:32:35', '2024-03-17 15:32:35'),
(44, 'ROMLAH', '', 148, 7, '2024-03-17 15:33:33', '2024-03-17 15:33:33'),
(45, 'SUNARNO', '', 163, 7, '2024-03-17 15:33:51', '2024-03-17 15:33:51'),
(46, 'Imawan', '', 0, 2, '2024-03-17 15:34:35', '2024-03-17 15:34:35'),
(47, 'Setyo Budi', '', 0, 2, '2024-03-17 15:34:50', '2024-03-17 15:34:50'),
(48, 'Dini Purnaningsih', '', 0, 1, '2024-03-17 15:35:20', '2024-03-17 15:35:20'),
(49, 'Catur Waskita Edy', '', 0, 1, '2024-03-17 15:36:03', '2024-03-17 15:36:03'),
(50, 'EDY AGUNG SUYOSO', '', 569, 2, '2024-03-17 15:36:21', '2024-03-17 15:36:21'),
(51, 'USWATUN GALIH', '', 357, 9, '2024-03-18 03:51:47', '2024-03-18 03:51:47'),
(52, 'Sri Wahyuni', '', 0, 9, '2024-03-18 03:52:16', '2024-03-18 03:52:16'),
(53, 'Azizah', '', 0, 9, '2024-03-18 03:52:56', '2024-03-18 03:52:56'),
(54, 'Windi', '', 0, 9, '2024-03-18 03:53:17', '2024-03-18 03:53:17'),
(55, 'DANIATI', '', 348, 9, '2024-03-18 03:53:40', '2024-03-18 03:53:40'),
(56, 'DEVI', '', 355, 9, '2024-03-18 03:53:57', '2024-03-18 03:53:57'),
(57, 'SUNARTI', '', 350, 9, '2024-03-18 03:54:07', '2024-03-18 03:54:07'),
(58, 'ENI SURYANI', '', 342, 9, '2024-03-18 03:54:30', '2024-03-18 03:54:30'),
(59, 'Rini', '', 0, 9, '2024-03-18 03:54:48', '2024-03-18 03:54:48'),
(60, 'Masjid Krapyak 1', '', 0, 3, '2024-03-18 07:32:04', '2024-03-18 07:32:04'),
(61, 'HIZKIL PUTRA PAKUBUMI', '', 578, 2, '2024-03-18 08:05:48', '2024-03-18 08:05:48'),
(62, 'BUDIONO', '', 514, 1, '2024-03-18 08:06:53', '2024-03-18 08:06:53'),
(63, 'Torehan', '', 0, 8, '2024-03-19 10:10:26', '2024-03-19 10:10:26'),
(64, 'Khoirul', '+62 858-7552-8895', 0, 7, '2024-03-24 05:28:42', '2024-03-24 05:28:42'),
(65, 'Marimin', '+62 858-7622-3992', 0, 7, '2024-03-24 05:29:58', '2024-03-24 05:29:58'),
(66, 'Anshori', '-', 0, 7, '2024-03-24 05:34:24', '2024-03-24 05:34:24'),
(67, 'ABDUL NASIR', '-', 158, 7, '2024-03-24 05:35:35', '2024-03-24 05:35:35'),
(68, 'SUTARTI', '-', 264, 7, '2024-03-24 05:35:57', '2024-03-24 05:35:57'),
(69, 'SOFIATUN', '-', 172, 7, '2024-03-24 05:36:15', '2024-03-24 05:36:15'),
(70, 'Sukono', '', 0, 7, '2024-03-24 05:36:49', '2024-03-24 05:36:49'),
(71, 'TEGUH WIDIATMOKO', '+62 877-6063-2867', 47, 3, '2024-03-26 16:05:11', '2024-03-26 16:05:11'),
(72, 'MT Ulil', '-', 0, 3, '2024-04-01 22:27:51', '2024-04-01 22:27:51'),
(73, 'AJI DAMAR', '-', 286, 7, '2024-04-01 22:28:25', '2024-04-01 22:28:25'),
(74, 'NAILA AZKA', '-', 160, 7, '2024-04-01 22:29:05', '2024-04-01 22:29:05'),
(75, 'Surya', '-', 0, 7, '2024-04-01 22:29:39', '2024-04-01 22:29:39'),
(76, 'BILQIS', '-', 196, 7, '2024-04-01 22:29:57', '2024-04-01 22:29:57'),
(78, 'CERAH PK', '-', 195, 7, '2024-04-01 22:30:36', '2024-04-01 22:30:36'),
(79, 'AGUNG PRAYITNO', '-', 127, 4, '2024-04-01 22:31:53', '2024-04-01 22:31:53'),
(80, 'SITI YULAIKHA', '-', 71, 4, '2024-04-01 22:32:36', '2024-04-01 22:32:36'),
(81, 'WAWID', '-', 132, 4, '2024-04-01 22:33:06', '2024-04-01 22:33:06'),
(82, 'SUDARNO', '-', 474, 6, '2024-04-01 22:33:31', '2024-04-01 22:33:31'),
(83, 'ARDI MAULANA', '-', 397, 5, '2024-04-01 22:34:01', '2024-04-01 22:34:01'),
(84, 'Fauzan MT', '-', 0, 2, '2024-04-01 22:35:36', '2024-04-01 22:35:36'),
(85, 'YULIANTO', '-', 333, 8, '2024-04-01 22:35:59', '2024-04-01 22:35:59'),
(86, 'JOKO SUYONO', '-', 34, 3, '2024-04-01 22:36:29', '2024-04-01 22:36:29'),
(87, 'Tukul Al Suwarli', 'Saptamarga 2/120 Kem', 0, 7, '2024-05-06 14:39:28', '2024-05-06 14:39:28'),
(88, 'JUMADI', '+6282225888553', 435, 5, '2024-05-06 15:57:08', '2024-05-06 15:57:08'),
(89, 'ARDI MAULANA', '-', 395, 5, '2024-05-06 17:08:50', '2024-05-06 17:08:50'),
(90, 'YUDHA PRADANA', '-', 70, 4, '2024-05-06 18:33:25', '2024-05-06 18:33:25'),
(91, 'WAWID', '-', 130, 4, '2024-05-06 18:33:50', '2024-05-06 18:33:50'),
(92, 'Muhjiyanto', '085784581039', 0, 2, '2024-05-06 22:16:39', '2024-05-06 22:16:39'),
(93, 'Nurul Hidayah', '085729461040', 0, 7, '2024-05-07 01:10:26', '2024-05-07 01:10:26'),
(94, 'H.SRIYANTO', '08122859899', 74, 4, '2024-05-07 01:16:29', '2024-05-07 01:16:29'),
(95, 'Sukindar', '089623704254', 0, 6, '2024-05-07 08:25:33', '2024-05-07 08:25:33'),
(96, 'Aris Rini', '-', 0, 8, '2024-05-07 13:59:17', '2024-05-07 13:59:17'),
(97, 'Satari Dwi Sufiyanto', '+62 857-4024-8998', 0, 2, '2024-05-08 05:18:39', '2024-05-08 05:18:39'),
(98, 'FAUZAN', '085740228690', 417, 5, '2024-05-08 07:55:05', '2024-05-08 07:55:05'),
(99, 'ASEB SETIAWAN', '+62 857-7116-2732', 66, 3, '2024-05-12 05:26:40', '2024-05-12 05:26:40');

-- --------------------------------------------------------

--
-- Table structure for table `pembayaran`
--

CREATE TABLE `pembayaran` (
  `id` int(6) NOT NULL,
  `id_invoice` int(6) NOT NULL,
  `no_bayar` varchar(50) NOT NULL,
  `tgl_bayar` text NOT NULL,
  `jumlah_bayar` decimal(10,0) NOT NULL,
  `keterangan` varchar(30) NOT NULL,
  `created_at` datetime NOT NULL,
  `updated_at` datetime NOT NULL
) ENGINE=InnoDB DEFAULT CHARSET=utf8mb4 COLLATE=utf8mb4_general_ci;

-- --------------------------------------------------------

--
-- Table structure for table `pembayaran_kredit`
--

CREATE TABLE `pembayaran_kredit` (
  `id` int(6) NOT NULL,
  `id_kredit` int(6) NOT NULL,
  `no_bayar` varchar(40) NOT NULL,
  `tgl_bayar` date NOT NULL,
  `jumlah` decimal(12,0) NOT NULL,
  `keterangan` varchar(40) NOT NULL,
  `created_at` datetime NOT NULL,
  `updated_at` datetime NOT NULL
) ENGINE=InnoDB DEFAULT CHARSET=utf8mb4 COLLATE=utf8mb4_general_ci;

--
-- Dumping data for table `pembayaran_kredit`
--

INSERT INTO `pembayaran_kredit` (`id`, `id_kredit`, `no_bayar`, `tgl_bayar`, `jumlah`, `keterangan`, `created_at`, `updated_at`) VALUES
(15, 24, '0001/UB-BSM-ANGS1/052024', '2024-03-28', 60000, 'Angsuran ke-1', '2024-05-06 16:49:50', '2024-05-06 16:49:50'),
(16, 24, '0017/UB-BSM-ANGS2/052024', '2024-05-05', 60000, 'Angsuran ke-2', '2024-05-06 16:50:36', '2024-05-06 16:50:36'),
(17, 28, '0018/UB-BSM-ANGS1/052024', '2024-03-13', 50000, 'Angsuran ke-1', '2024-05-06 16:51:19', '2024-05-06 16:51:19'),
(18, 36, '0019/UB-BSM-ANGS1/052024', '2024-03-28', 50000, 'Angsuran ke-1', '2024-05-06 16:52:07', '2024-05-06 16:52:07'),
(19, 36, '0020/UB-BSM-ANGS2/052024', '2024-05-05', 50000, 'Angsuran ke-2', '2024-05-06 16:52:32', '2024-05-06 16:52:32'),
(20, 23, '0021/UB-BSM-ANGS1/052024', '2024-04-28', 517500, 'Angsuran ke-1', '2024-05-06 16:54:21', '2024-05-06 16:54:21'),
(21, 25, '0022/UB-BSM-ANGS1/052024', '2024-04-24', 161000, 'Angsuran ke-1', '2024-05-06 17:00:27', '2024-05-06 17:00:27'),
(22, 27, '0023/UB-BSM-ANGS1/052024', '2024-03-15', 100000, 'Angsuran ke-1', '2024-05-06 17:04:15', '2024-05-06 17:04:15'),
(23, 38, '0024/UB-BSM-ANGS1/052024', '2024-03-12', 200000, 'Angsuran ke-1', '2024-05-06 17:10:38', '2024-05-06 17:10:38'),
(24, 37, '0025/UB-BSM-ANGS1/052024', '2024-05-05', 150000, 'Angsuran ke-1', '2024-05-06 17:11:48', '2024-05-06 17:11:48'),
(25, 26, '0026/UB-BSM-ANGS1/052024', '2024-03-31', 100000, 'Angsuran ke-1', '2024-05-06 17:14:54', '2024-05-06 17:14:54'),
(26, 29, '0027/UB-BSM-ANGS1/052024', '2024-01-01', 50000, 'Angsuran ke-1', '2024-05-06 17:16:13', '2024-05-06 17:16:13'),
(27, 29, '0028/UB-BSM-ANGS2/052024', '2024-02-07', 50000, 'Angsuran ke-2', '2024-05-06 17:16:38', '2024-05-06 17:16:38'),
(28, 29, '0029/UB-BSM-ANGS3/052024', '2024-03-07', 50000, 'Angsuran ke-3', '2024-05-06 17:17:05', '2024-05-06 17:17:05'),
(29, 29, '0030/UB-BSM-ANGS4/052024', '2024-04-07', 50000, 'Angsuran ke-4', '2024-05-06 17:17:33', '2024-05-06 17:17:33'),
(30, 30, '0031/UB-BSM-ANGS1/052024', '2024-01-01', 50000, 'Angsuran ke-1', '2024-05-06 17:50:46', '2024-05-06 17:50:46'),
(31, 30, '0032/UB-BSM-ANGS2/052024', '2024-02-07', 50000, 'Angsuran ke-2', '2024-05-06 17:51:14', '2024-05-06 17:51:14'),
(32, 30, '0033/UB-BSM-ANGS3/052024', '2024-03-07', 50000, 'Angsuran ke-3', '2024-05-06 17:51:47', '2024-05-06 17:51:47'),
(33, 30, '0034/UB-BSM-ANGS4/052024', '2024-04-07', 50000, 'Angsuran ke-4', '2024-05-06 17:52:23', '2024-05-06 17:52:23'),
(34, 31, '0035/UB-BSM-ANGS1/052024', '2024-01-07', 50000, 'Angsuran ke-1', '2024-05-06 17:53:51', '2024-05-06 17:53:51'),
(35, 31, '0036/UB-BSM-ANGS2/052024', '2024-02-07', 50000, 'Angsuran ke-2', '2024-05-06 17:54:19', '2024-05-06 17:54:19'),
(36, 31, '0037/UB-BSM-ANGS3/052024', '2024-03-07', 50000, 'Angsuran ke-3', '2024-05-06 17:54:46', '2024-05-06 17:54:46'),
(37, 31, '0038/UB-BSM-ANGS4/052024', '2024-04-07', 50000, 'Angsuran ke-4', '2024-05-06 17:55:24', '2024-05-06 17:55:24'),
(38, 32, '0039/UB-BSM-ANGS1/052024', '2024-01-07', 50000, 'Angsuran ke-1', '2024-05-06 18:00:18', '2024-05-06 18:00:18'),
(39, 32, '0040/UB-BSM-ANGS2/052024', '2024-02-07', 50000, 'Angsuran ke-2', '2024-05-06 18:00:46', '2024-05-06 18:00:46'),
(40, 32, '0041/UB-BSM-ANGS3/052024', '2024-03-07', 50000, 'Angsuran ke-3', '2024-05-06 18:01:18', '2024-05-06 18:01:18'),
(41, 32, '0042/UB-BSM-ANGS4/052024', '2024-04-07', 50000, 'Angsuran ke-4', '2024-05-06 18:01:45', '2024-05-06 18:01:45'),
(42, 33, '0043/UB-BSM-ANGS1/052024', '2024-01-07', 50000, 'Angsuran ke-1', '2024-05-06 18:02:23', '2024-05-06 18:02:23'),
(43, 33, '0044/UB-BSM-ANGS2/052024', '2024-02-07', 50000, 'Angsuran ke-2', '2024-05-06 18:02:52', '2024-05-06 18:02:52'),
(44, 33, '0045/UB-BSM-ANGS3/052024', '2024-03-07', 50000, 'Angsuran ke-3', '2024-05-06 18:03:25', '2024-05-06 18:03:25'),
(45, 33, '0046/UB-BSM-ANGS4/052024', '2024-04-07', 50000, 'Angsuran ke-4', '2024-05-06 18:03:58', '2024-05-06 18:03:58'),
(46, 39, '0047/UB-BSM-ANGS1/052024', '2024-01-07', 50000, 'Angsuran ke-1', '2024-05-06 18:07:45', '2024-05-06 18:07:45'),
(47, 39, '0048/UB-BSM-ANGS2/052024', '2024-02-07', 50000, 'Angsuran ke-2', '2024-05-06 18:08:12', '2024-05-06 18:08:12'),
(48, 39, '0049/UB-BSM-ANGS3/052024', '2024-03-07', 50000, 'Angsuran ke-3', '2024-05-06 18:08:38', '2024-05-06 18:08:38'),
(49, 39, '0050/UB-BSM-ANGS4/052024', '2024-04-07', 50000, 'Angsuran ke-4', '2024-05-06 18:09:24', '2024-05-06 18:09:24'),
(50, 40, '0051/UB-BSM-ANGS1/052024', '2024-01-07', 50000, 'Angsuran ke-1', '2024-05-06 18:10:27', '2024-05-06 18:10:27'),
(51, 40, '0052/UB-BSM-ANGS2/052024', '2024-02-07', 50000, 'Angsuran ke-2', '2024-05-06 18:11:20', '2024-05-06 18:11:20'),
(52, 40, '0053/UB-BSM-ANGS3/052024', '2024-03-07', 50000, 'Angsuran ke-3', '2024-05-06 18:11:52', '2024-05-06 18:11:52'),
(53, 40, '0054/UB-BSM-ANGS4/052024', '2024-04-07', 50000, 'Angsuran ke-4', '2024-05-06 18:12:16', '2024-05-06 18:12:16'),
(54, 41, '0055/UB-BSM-ANGS1/052024', '2024-05-02', 350000, 'Angsuran ke-1', '2024-05-06 18:18:13', '2024-05-06 18:18:13'),
(55, 45, '0056/UB-BSM-ANGS1/052024', '2024-03-07', 100000, 'Angsuran ke-1', '2024-05-06 18:26:48', '2024-05-06 18:26:48'),
(56, 45, '0057/UB-BSM-ANGS2/052024', '2024-05-03', 100000, 'Angsuran ke-2', '2024-05-06 18:28:02', '2024-05-06 18:28:02'),
(57, 46, '0058/UB-BSM-ANGS1/052024', '2024-01-18', 100000, 'Angsuran ke-1', '2024-05-06 22:32:40', '2024-05-06 22:32:40'),
(58, 46, '0059/UB-BSM-ANGS2/052024', '2024-02-13', 100000, 'Angsuran ke-2', '2024-05-06 22:33:23', '2024-05-06 22:33:23'),
(59, 46, '0060/UB-BSM-ANGS3/052024', '2024-03-12', 150000, 'Angsuran ke-3', '2024-05-06 22:35:00', '2024-05-06 22:35:00'),
(60, 47, '0061/UB-BSM-ANGS1/052024', '2024-01-18', 60000, 'Angsuran ke-1', '2024-05-06 22:36:12', '2024-05-06 22:36:12'),
(61, 47, '0062/UB-BSM-ANGS2/052024', '2024-03-13', 60000, 'Angsuran ke-2', '2024-05-06 22:36:47', '2024-05-06 22:36:47'),
(62, 47, '0063/UB-BSM-ANGS3/052024', '2024-03-12', 60000, 'Angsuran ke-3', '2024-05-06 22:37:34', '2024-05-06 22:37:34'),
(63, 48, '0064/UB-BSM-ANGS1/052024', '2024-01-18', 50000, 'Angsuran ke-1', '2024-05-06 22:38:18', '2024-05-06 22:38:18'),
(64, 48, '0065/UB-BSM-ANGS2/052024', '2024-02-13', 50000, 'Angsuran ke-2', '2024-05-06 22:38:53', '2024-05-06 22:38:53'),
(65, 48, '0066/UB-BSM-ANGS3/052024', '2024-03-12', 50000, 'Angsuran ke-3', '2024-05-06 22:39:27', '2024-05-06 22:39:27'),
(66, 49, '0067/UB-BSM-ANGS1/052024', '2024-01-18', 60000, 'Angsuran ke-1', '2024-05-06 22:41:45', '2024-05-06 22:41:45'),
(67, 49, '0068/UB-BSM-ANGS2/052024', '2024-02-13', 60000, 'Angsuran ke-2', '2024-05-06 22:42:27', '2024-05-06 22:42:27'),
(68, 49, '0069/UB-BSM-ANGS3/052024', '2024-03-12', 60000, 'Angsuran ke-3', '2024-05-06 22:43:01', '2024-05-06 22:43:01'),
(69, 43, '0070/UB-BSM-ANGS1/052024', '2024-03-05', 30000, 'Angsuran ke-1', '2024-05-06 23:39:22', '2024-05-06 23:39:22'),
(70, 43, '0071/UB-BSM-ANGS2/052024', '2024-04-06', 30000, 'Angsuran ke-2', '2024-05-06 23:40:07', '2024-05-06 23:40:07'),
(71, 43, '0072/UB-BSM-ANGS3/052024', '2024-05-05', 30000, 'Angsuran ke-3', '2024-05-06 23:40:38', '2024-05-06 23:40:38'),
(72, 44, '0073/UB-BSM-ANGS1/052024', '2024-03-05', 30000, 'Angsuran ke-1', '2024-05-06 23:41:18', '2024-05-06 23:41:18'),
(73, 44, '0074/UB-BSM-ANGS2/052024', '2024-04-06', 30000, 'Angsuran ke-2', '2024-05-06 23:43:05', '2024-05-06 23:43:05'),
(74, 45, '0075/UB-BSM-ANGS3/052024', '2024-05-05', 30000, 'Angsuran ke-3', '2024-05-06 23:44:24', '2024-05-06 23:44:24'),
(75, 42, '0076/UB-BSM-ANGS1/052024', '2024-03-05', 50000, 'Angsuran ke-1', '2024-05-06 23:45:10', '2024-05-06 23:45:10'),
(76, 42, '0077/UB-BSM-ANGS2/052024', '2024-04-06', 50000, 'Angsuran ke-2', '2024-05-06 23:45:44', '2024-05-06 23:45:44'),
(77, 42, '0078/UB-BSM-ANGS3/052024', '2024-05-05', 50000, 'Angsuran ke-3', '2024-05-06 23:46:43', '2024-05-06 23:46:43'),
(78, 44, '0079/UB-BSM-ANGS3/052024', '2024-05-05', 30000, 'Angsuran ke-3', '2024-05-06 23:49:55', '2024-05-06 23:49:55'),
(79, 55, '0080/UB-BSM-ANGS1/052024', '2024-02-05', 324000, 'Angsuran ke-1', '2024-05-07 00:14:44', '2024-05-07 00:14:44'),
(80, 55, '0081/UB-BSM-ANGS2/052024', '2024-03-10', 300000, 'Angsuran ke-2', '2024-05-07 00:15:22', '2024-05-07 00:15:22'),
(81, 55, '0082/UB-BSM-ANGS3/052024', '2024-04-23', 206000, 'Angsuran ke-3', '2024-05-07 00:15:57', '2024-05-07 00:15:57'),
(82, 56, '0083/UB-BSM-ANGS1/052024', '2024-05-03', 200000, 'Angsuran ke-1', '2024-05-07 00:58:53', '2024-05-07 00:58:53'),
(83, 57, '0084/UB-BSM-ANGS1/052024', '2024-01-22', 203000, 'Angsuran ke-1', '2024-05-07 01:12:31', '2024-05-07 01:12:31'),
(84, 57, '0085/UB-BSM-ANGS2/052024', '2024-02-20', 203000, 'Angsuran ke-2', '2024-05-07 01:13:12', '2024-05-07 01:13:12'),
(85, 57, '0086/UB-BSM-ANGS3/052024', '2024-03-19', 203000, 'Angsuran ke-3', '2024-05-07 01:13:52', '2024-05-07 01:13:52'),
(86, 57, '0087/UB-BSM-ANGS4/052024', '2024-04-19', 203000, 'Angsuran ke-4', '2024-05-07 01:14:33', '2024-05-07 01:14:33'),
(87, 58, '0088/UB-BSM-ANGS1/052024', '2023-11-09', 731250, 'Angsuran ke-1', '2024-05-07 01:23:07', '2024-05-07 01:23:07'),
(88, 58, '0089/UB-BSM-ANGS2/052024', '2023-12-07', 731250, 'Angsuran ke-2', '2024-05-07 01:28:05', '2024-05-07 01:28:05'),
(89, 58, '0090/UB-BSM-ANGS3/052024', '2024-01-09', 731250, 'Angsuran ke-3', '2024-05-07 01:28:30', '2024-05-07 01:28:30'),
(90, 58, '0091/UB-BSM-ANGS4/052024', '2024-02-10', 731250, 'Angsuran ke-4', '2024-05-07 01:29:01', '2024-05-07 01:29:01'),
(91, 58, '0092/UB-BSM-ANGS5/052024', '2024-03-15', 731250, 'Angsuran ke-5', '2024-05-07 01:30:15', '2024-05-07 01:30:15'),
(92, 59, '0093/UB-BSM-ANGS1/052024', '2023-09-04', 410000, 'Angsuran ke-1', '2024-05-07 01:57:37', '2024-05-07 01:57:37'),
(93, 59, '0094/UB-BSM-ANGS2/052024', '2023-10-10', 410000, 'Angsuran ke-2', '2024-05-07 01:58:19', '2024-05-07 01:58:19'),
(94, 60, '0095/UB-BSM-ANGS1/052024', '2023-12-22', 225000, 'Angsuran ke-1', '2024-05-07 14:04:44', '2024-05-07 14:04:44'),
(95, 60, '0096/UB-BSM-ANGS2/052024', '2024-01-22', 225000, 'Angsuran ke-2', '2024-05-07 14:05:20', '2024-05-07 14:05:20'),
(96, 60, '0097/UB-BSM-ANGS3/052024', '2024-02-20', 225000, 'Angsuran ke-3', '2024-05-07 14:05:50', '2024-05-07 14:05:50'),
(97, 60, '0098/UB-BSM-ANGS4/052024', '2024-03-18', 225000, 'Angsuran ke-4', '2024-05-07 14:06:20', '2024-05-07 14:06:20'),
(98, 60, '0099/UB-BSM-ANGS5/052024', '2024-04-19', 225000, 'Angsuran ke-5', '2024-05-07 14:07:41', '2024-05-07 14:07:41'),
(99, 61, '0100/UB-BSM-ANGS1/052024', '2023-11-28', 202500, 'Angsuran ke-1', '2024-05-07 22:33:13', '2024-05-07 22:33:13'),
(100, 61, '0101/UB-BSM-ANGS2/052024', '2023-12-21', 202500, 'Angsuran ke-2', '2024-05-07 22:36:03', '2024-05-07 22:36:03'),
(101, 61, '0102/UB-BSM-ANGS3/052024', '2024-02-28', 202500, 'Angsuran ke-3', '2024-05-07 22:43:57', '2024-05-07 22:43:57'),
(102, 61, '0103/UB-BSM-ANGS4/052024', '2024-03-26', 202500, 'Angsuran ke-4', '2024-05-07 22:47:51', '2024-05-07 22:47:51'),
(103, 61, '0104/UB-BSM-ANGS5/052024', '2024-05-02', 202500, 'Angsuran ke-5', '2024-05-07 22:49:18', '2024-05-07 22:49:18'),
(104, 62, '0105/UB-BSM-ANGS1/052024', '2023-08-08', 562000, 'Angsuran ke-1', '2024-05-07 22:59:38', '2024-05-07 22:59:38'),
(105, 62, '0106/UB-BSM-ANGS2/052024', '2023-09-08', 562000, 'Angsuran ke-2', '2024-05-07 23:00:15', '2024-05-07 23:00:15'),
(106, 62, '0107/UB-BSM-ANGS3/052024', '2023-10-08', 562000, 'Angsuran ke-3', '2024-05-07 23:00:46', '2024-05-07 23:00:46'),
(107, 62, '0108/UB-BSM-ANGS4/052024', '2023-11-08', 562000, 'Angsuran ke-4', '2024-05-07 23:01:15', '2024-05-07 23:01:15'),
(108, 62, '0109/UB-BSM-ANGS5/052024', '2023-12-08', 562000, 'Angsuran ke-5', '2024-05-07 23:01:46', '2024-05-07 23:01:46'),
(109, 34, '0110/UB-BSM-ANGS1/052024', '2024-02-09', 364000, 'Angsuran ke-1', '2024-05-07 23:56:41', '2024-05-07 23:56:41'),
(110, 34, '0111/UB-BSM-ANGS2/052024', '2024-03-13', 364000, 'Angsuran ke-2', '2024-05-08 00:11:53', '2024-05-08 00:11:53'),
(111, 34, '0112/UB-BSM-ANGS3/052024', '2024-04-20', 364000, 'Angsuran ke-3', '2024-05-08 00:12:20', '2024-05-08 00:12:20'),
(112, 63, '0113/UB-BSM-ANGS1/052024', '2023-11-29', 321000, 'Angsuran ke-1', '2024-05-08 02:31:22', '2024-05-08 02:31:22'),
(113, 63, '0114/UB-BSM-ANGS2/052024', '2024-01-22', 321000, 'Angsuran ke-2', '2024-05-08 02:32:10', '2024-05-08 02:32:10'),
(114, 63, '0115/UB-BSM-ANGS3/052024', '2024-02-20', 321000, 'Angsuran ke-3', '2024-05-08 02:33:08', '2024-05-08 02:33:08'),
(115, 63, '0116/UB-BSM-ANGS4/052024', '2024-03-04', 321000, 'Angsuran ke-4', '2024-05-08 02:33:55', '2024-05-08 02:33:55'),
(116, 63, '0117/UB-BSM-ANGS5/052024', '2024-03-31', 321000, 'Angsuran ke-5', '2024-05-08 02:40:53', '2024-05-08 02:40:53'),
(117, 63, '0118/UB-BSM-ANGS6/052024', '2024-04-30', 321000, 'Angsuran ke-6', '2024-05-08 02:42:18', '2024-05-08 02:42:18'),
(118, 64, '0119/UB-BSM-ANGS1/052024', '2023-08-23', 192000, 'Angsuran ke-1', '2024-05-08 05:25:37', '2024-05-08 05:25:37'),
(119, 64, '0120/UB-BSM-ANGS2/052024', '2023-09-20', 192000, 'Angsuran ke-2', '2024-05-08 05:26:14', '2024-05-08 05:26:14'),
(120, 64, '0121/UB-BSM-ANGS3/052024', '2023-10-25', 192000, 'Angsuran ke-3', '2024-05-08 05:27:32', '2024-05-08 05:27:32'),
(121, 64, '0122/UB-BSM-ANGS4/052024', '2023-11-21', 192000, 'Angsuran ke-4', '2024-05-08 05:28:14', '2024-05-08 05:28:14'),
(122, 64, '0123/UB-BSM-ANGS5/052024', '2023-12-30', 192000, 'Angsuran ke-5', '2024-05-08 05:29:05', '2024-05-08 05:29:05'),
(123, 64, '0124/UB-BSM-ANGS6/052024', '2024-01-29', 300000, 'Angsuran ke-6', '2024-05-08 05:29:52', '2024-05-08 05:29:52'),
(124, 64, '0125/UB-BSM-ANGS7/052024', '2024-02-29', 200000, 'Angsuran ke-7', '2024-05-08 05:33:09', '2024-05-08 05:33:09'),
(125, 64, '0126/UB-BSM-ANGS8/052024', '2024-03-28', 200000, 'Angsuran ke-8', '2024-05-08 05:33:52', '2024-05-08 05:33:52'),
(126, 64, '0127/UB-BSM-ANGS9/052024', '2024-05-01', 150000, 'Angsuran ke-9', '2024-05-08 05:34:39', '2024-05-08 05:34:39'),
(127, 65, '0128/UB-BSM-ANGS1/052024', '2023-08-16', 192250, 'Angsuran ke-1', '2024-05-08 05:47:27', '2024-05-08 05:47:27'),
(128, 65, '0129/UB-BSM-ANGS2/052024', '2023-09-14', 192250, 'Angsuran ke-2', '2024-05-08 05:48:08', '2024-05-08 05:48:08'),
(129, 65, '0130/UB-BSM-ANGS3/052024', '2023-10-18', 192250, 'Angsuran ke-3', '2024-05-08 05:48:47', '2024-05-08 05:48:47'),
(130, 65, '0131/UB-BSM-ANGS4/052024', '2023-11-15', 192250, 'Angsuran ke-4', '2024-05-08 05:49:28', '2024-05-08 05:49:28'),
(132, 65, '0133/UB-BSM-ANGS6/052024', '2023-12-15', 192250, 'Angsuran ke-5', '2024-05-08 05:50:49', '2024-05-08 05:50:49'),
(133, 65, '0134/UB-BSM-ANGS7/052024', '2024-02-15', 192250, 'Angsuran ke-6', '2024-05-08 05:51:40', '2024-05-08 05:51:40'),
(134, 65, '0135/UB-BSM-ANGS8/052024', '2024-03-15', 192250, 'Angsuran ke-7', '2024-05-08 05:52:16', '2024-05-08 05:52:16'),
(135, 65, '0136/UB-BSM-ANGS9/052024', '2024-04-15', 192250, 'Angsuran ke-8', '2024-05-08 05:52:44', '2024-05-08 05:52:44'),
(136, 67, '0137/UB-BSM-ANGS1/052024', '2023-06-10', 850000, 'Angsuran ke-1', '2024-05-08 07:56:41', '2024-05-08 07:56:41'),
(137, 67, '0138/UB-BSM-ANGS2/052024', '2023-07-10', 850000, 'Angsuran ke-2', '2024-05-08 07:57:13', '2024-05-08 07:57:13'),
(138, 67, '0139/UB-BSM-ANGS3/052024', '2023-08-10', 850000, 'Angsuran ke-3', '2024-05-08 07:57:45', '2024-05-08 07:57:45'),
(139, 67, '0140/UB-BSM-ANGS4/052024', '2023-09-10', 850000, 'Angsuran ke-4', '2024-05-08 07:58:29', '2024-05-08 07:58:29'),
(140, 67, '0141/UB-BSM-ANGS5/052024', '2023-10-10', 850000, 'Angsuran ke-5', '2024-05-08 07:58:59', '2024-05-08 07:58:59'),
(141, 34, '0142/UB-BSM-ANGS4/052024', '2024-05-09', 364000, 'Angsuran ke-4', '2024-05-09 08:02:32', '2024-05-09 08:02:32'),
(142, 58, '0143/UB-BSM-ANGS6/052024', '2024-04-09', 731250, 'Angsuran ke-6', '2024-05-11 19:25:17', '2024-05-11 19:25:17'),
(143, 58, '0144/UB-BSM-ANGS7/052024', '2024-05-10', 731250, 'Angsuran ke-7', '2024-05-11 19:29:55', '2024-05-11 19:29:55'),
(144, 25, '0145/UB-BSM-ANGS2/052024', '2024-05-12', 161000, 'Angsuran ke-2', '2024-05-12 04:49:10', '2024-05-12 04:49:10'),
(145, 26, '0146/UB-BSM-ANGS2/052024', '2024-05-12', 50000, 'Angsuran ke-2', '2024-05-12 04:50:52', '2024-05-12 04:50:52'),
(146, 23, '0147/UB-BSM-ANGS2/052024', '2024-05-17', 517500, 'Angsuran ke-2', '2024-05-18 12:24:08', '2024-05-18 12:24:08'),
(147, 64, '0148/UB-BSM-ANGS10/052024', '2024-05-21', 110000, 'Angsuran ke-10', '2024-05-21 01:23:35', '2024-05-21 01:23:35'),
(148, 60, '0149/UB-BSM-ANGS6/052024', '2024-05-20', 230000, 'Angsuran ke-6', '2024-05-21 01:26:47', '2024-05-21 01:26:47'),
(149, 57, '0150/UB-BSM-ANGS5/052024', '2024-05-19', 203000, 'Angsuran ke-5', '2024-05-21 01:31:31', '2024-05-21 01:31:31'),
(150, 28, '0151/UB-BSM-ANGS2/052024', '2024-05-19', 100000, 'Angsuran ke-2', '2024-05-22 00:23:51', '2024-05-22 00:23:51'),
(151, 65, '0152/UB-BSM-ANGS9/052024', '2024-05-23', 192250, 'Angsuran ke-9', '2024-05-23 23:04:29', '2024-05-23 23:04:29'),
(152, 35, '0153/UB-BSM-ANGS1/052024', '2024-05-23', 172500, 'Angsuran ke-1', '2024-05-23 23:49:31', '2024-05-23 23:49:31'),
(153, 29, '0154/UB-BSM-ANGS5/052024', '2024-05-23', 50000, 'Angsuran ke-5', '2024-05-23 23:51:23', '2024-05-23 23:51:23'),
(154, 30, '0155/UB-BSM-ANGS5/052024', '2024-05-23', 50000, 'Angsuran ke-5', '2024-05-23 23:53:14', '2024-05-23 23:53:14'),
(155, 31, '0156/UB-BSM-ANGS5/052024', '2024-05-23', 50000, 'Angsuran ke-5', '2024-05-23 23:53:33', '2024-05-23 23:53:33'),
(156, 32, '0157/UB-BSM-ANGS5/052024', '2024-05-23', 50000, 'Angsuran ke-5', '2024-05-23 23:53:55', '2024-05-23 23:53:55'),
(157, 33, '0158/UB-BSM-ANGS5/052024', '2024-05-23', 50000, 'Angsuran ke-5', '2024-05-23 23:54:28', '2024-05-23 23:54:28'),
(158, 39, '0159/UB-BSM-ANGS5/052024', '2024-05-23', 50000, 'Angsuran ke-5', '2024-05-23 23:55:16', '2024-05-23 23:55:16'),
(159, 40, '0160/UB-BSM-ANGS5/052024', '2024-05-23', 50000, 'Angsuran ke-5', '2024-05-23 23:55:43', '2024-05-23 23:55:43'),
(160, 53, '0161/UB-BSM-ANGS1/052024', '2024-05-22', 281000, 'Angsuran ke-1', '2024-05-24 00:04:28', '2024-05-24 00:04:28');

-- --------------------------------------------------------

--
-- Table structure for table `pengeluaran`
--

CREATE TABLE `pengeluaran` (
  `id` int(6) NOT NULL,
  `id_pos` int(4) NOT NULL,
  `deskripsi` varchar(50) NOT NULL,
  `tgl_transaksi` date NOT NULL,
  `jumlah` decimal(12,0) NOT NULL,
  `id_kas` int(2) NOT NULL,
  `created_at` datetime NOT NULL,
  `updated_at` datetime NOT NULL
) ENGINE=InnoDB DEFAULT CHARSET=utf8mb4 COLLATE=utf8mb4_general_ci;

--
-- Dumping data for table `pengeluaran`
--

INSERT INTO `pengeluaran` (`id`, `id_pos`, `deskripsi`, `tgl_transaksi`, `jumlah`, `id_kas`, `created_at`, `updated_at`) VALUES
(751, 12, 'Topup JTPAY', '2023-01-01', 400000, 1, '0000-00-00 00:00:00', '0000-00-00 00:00:00'),
(752, 1, 'pembelian superindo', '2023-01-02', 362580, 1, '0000-00-00 00:00:00', '0000-00-00 00:00:00'),
(753, 1, 'Pembelian bintang', '2024-01-07', 768300, 1, '0000-00-00 00:00:00', '0000-00-00 00:00:00'),
(754, 1, 'pembelian bintang', '2024-01-07', 958000, 1, '0000-00-00 00:00:00', '0000-00-00 00:00:00'),
(755, 1, 'pembelian alfamart', '2024-01-07', 61300, 1, '0000-00-00 00:00:00', '0000-00-00 00:00:00'),
(756, 1, 'pembelian ramai', '2024-01-07', 1018023, 1, '0000-00-00 00:00:00', '0000-00-00 00:00:00'),
(757, 1, 'pembelian bintang elektrik', '2024-01-08', 372500, 1, '0000-00-00 00:00:00', '0000-00-00 00:00:00'),
(758, 1, 'pembelian depo aa pati', '2024-01-08', 897000, 1, '0000-00-00 00:00:00', '0000-00-00 00:00:00'),
(759, 1, 'pembelian depo aa pati', '2024-01-09', 145000, 1, '0000-00-00 00:00:00', '0000-00-00 00:00:00'),
(760, 12, 'Topup JTPAY', '2024-01-09', 300000, 1, '0000-00-00 00:00:00', '0000-00-00 00:00:00'),
(761, 1, 'pembelian superindo', '2023-01-09', 31980, 1, '0000-00-00 00:00:00', '0000-00-00 00:00:00'),
(762, 1, 'pembelian indomart', '2024-01-09', 69700, 1, '0000-00-00 00:00:00', '0000-00-00 00:00:00'),
(763, 1, 'pembelian plastik', '2024-01-10', 15000, 1, '0000-00-00 00:00:00', '0000-00-00 00:00:00'),
(764, 1, 'pembelian alfamart', '2024-01-09', 176800, 1, '0000-00-00 00:00:00', '0000-00-00 00:00:00'),
(765, 1, 'pembelian superindo', '2024-01-09', 285000, 1, '0000-00-00 00:00:00', '0000-00-00 00:00:00'),
(766, 1, 'pembelian eka bakti', '2024-01-10', 304300, 1, '0000-00-00 00:00:00', '0000-00-00 00:00:00'),
(767, 1, 'pembelian tarigan', '2024-01-10', 152000, 1, '0000-00-00 00:00:00', '0000-00-00 00:00:00'),
(768, 1, 'pembelian eka bakti', '2024-01-10', 247100, 1, '0000-00-00 00:00:00', '0000-00-00 00:00:00'),
(769, 12, 'topup jtpay', '2024-01-11', 350000, 1, '0000-00-00 00:00:00', '0000-00-00 00:00:00'),
(770, 1, 'Pembelian indomart', '2024-01-11', 39800, 1, '0000-00-00 00:00:00', '0000-00-00 00:00:00'),
(771, 1, 'Pembelian promo indomart', '2024-01-10', 39800, 1, '0000-00-00 00:00:00', '0000-00-00 00:00:00'),
(772, 1, 'Pembelian promo alfamart', '2024-01-11', 178200, 1, '0000-00-00 00:00:00', '0000-00-00 00:00:00'),
(773, 1, 'Pembelian promo superindo', '2024-01-11', 448550, 1, '0000-00-00 00:00:00', '0000-00-00 00:00:00'),
(774, 1, 'Pembelian promo superindo', '2024-01-11', 337120, 1, '0000-00-00 00:00:00', '0000-00-00 00:00:00'),
(775, 1, 'Pembelian promo indomart', '2024-01-11', 71800, 1, '0000-00-00 00:00:00', '0000-00-00 00:00:00'),
(776, 1, 'Pembelian indomart', '2024-01-11', 32000, 1, '0000-00-00 00:00:00', '0000-00-00 00:00:00'),
(777, 1, 'Pembelian indomart', '2024-01-11', 47100, 1, '0000-00-00 00:00:00', '0000-00-00 00:00:00'),
(778, 1, 'superindo', '2024-01-16', 93000, 1, '0000-00-00 00:00:00', '0000-00-00 00:00:00'),
(779, 1, 'superindo', '2024-01-20', 238775, 1, '0000-00-00 00:00:00', '0000-00-00 00:00:00'),
(780, 1, 'indomart', '2024-01-20', 32000, 1, '0000-00-00 00:00:00', '0000-00-00 00:00:00'),
(781, 12, 'Topup JTPAY', '2024-01-20', 1150193, 1, '0000-00-00 00:00:00', '0000-00-00 00:00:00'),
(782, 1, 'alfamart', '2024-01-22', 204900, 1, '0000-00-00 00:00:00', '0000-00-00 00:00:00'),
(783, 1, 'indomart', '2024-01-22', 53800, 1, '0000-00-00 00:00:00', '0000-00-00 00:00:00'),
(784, 1, 'tarigan', '2024-01-23', 350000, 1, '0000-00-00 00:00:00', '0000-00-00 00:00:00'),
(785, 12, 'topup jtpay', '2024-01-24', 860556, 1, '0000-00-00 00:00:00', '0000-00-00 00:00:00'),
(786, 1, 'ramai', '2024-01-26', 78250, 1, '0000-00-00 00:00:00', '0000-00-00 00:00:00'),
(787, 1, 'superindo', '2024-01-26', 133500, 1, '0000-00-00 00:00:00', '0000-00-00 00:00:00'),
(788, 12, 'Topup JTPAY', '2024-01-26', 300444, 1, '0000-00-00 00:00:00', '0000-00-00 00:00:00'),
(789, 1, 'superindo', '2024-01-27', 32000, 1, '0000-00-00 00:00:00', '0000-00-00 00:00:00'),
(790, 1, 'indomart', '2024-01-27', 96000, 1, '0000-00-00 00:00:00', '0000-00-00 00:00:00'),
(791, 1, 'superindo', '2024-01-27', 225370, 1, '0000-00-00 00:00:00', '0000-00-00 00:00:00'),
(792, 1, 'indomart', '2024-01-27', 52900, 1, '0000-00-00 00:00:00', '0000-00-00 00:00:00'),
(793, 1, 'alfamart', '2024-01-27', 69600, 1, '0000-00-00 00:00:00', '0000-00-00 00:00:00'),
(794, 1, 'superindo', '2024-01-27', 98500, 1, '0000-00-00 00:00:00', '0000-00-00 00:00:00'),
(795, 1, 'indomart', '2024-01-27', 32000, 1, '0000-00-00 00:00:00', '0000-00-00 00:00:00'),
(796, 1, 'indomart', '2024-01-27', 49900, 1, '0000-00-00 00:00:00', '0000-00-00 00:00:00'),
(797, 1, 'superindo', '2024-01-28', 170980, 1, '0000-00-00 00:00:00', '0000-00-00 00:00:00'),
(798, 1, 'indomart', '2024-01-28', 16000, 1, '0000-00-00 00:00:00', '0000-00-00 00:00:00'),
(799, 1, 'alfamart', '2024-01-28', 16000, 1, '0000-00-00 00:00:00', '0000-00-00 00:00:00'),
(800, 1, 'indomart', '2024-01-28', 84100, 1, '0000-00-00 00:00:00', '0000-00-00 00:00:00'),
(801, 1, 'superindo', '2024-01-28', 206270, 1, '0000-00-00 00:00:00', '0000-00-00 00:00:00'),
(802, 1, 'superindo', '2024-01-31', 374530, 1, '0000-00-00 00:00:00', '0000-00-00 00:00:00'),
(803, 1, 'superindo', '2024-01-31', 31980, 1, '0000-00-00 00:00:00', '0000-00-00 00:00:00'),
(804, 1, 'indomart', '2024-01-31', 32000, 1, '0000-00-00 00:00:00', '0000-00-00 00:00:00'),
(805, 1, 'alfamart', '2024-01-31', 121900, 1, '0000-00-00 00:00:00', '0000-00-00 00:00:00'),
(806, 1, 'indomart', '2024-02-02', 103800, 1, '0000-00-00 00:00:00', '0000-00-00 00:00:00'),
(807, 1, 'gula jawa', '2024-02-02', 9000, 1, '0000-00-00 00:00:00', '0000-00-00 00:00:00'),
(808, 1, 'alfamart', '2024-02-02', 79700, 1, '0000-00-00 00:00:00', '0000-00-00 00:00:00'),
(809, 1, 'alfamart', '2024-02-02', 16000, 1, '0000-00-00 00:00:00', '0000-00-00 00:00:00'),
(810, 1, 'indomart', '2024-02-02', 56900, 1, '0000-00-00 00:00:00', '0000-00-00 00:00:00'),
(811, 1, 'indomart', '2024-02-02', 61800, 1, '0000-00-00 00:00:00', '0000-00-00 00:00:00'),
(812, 12, 'Topup JTPAY', '2024-02-03', 400000, 1, '0000-00-00 00:00:00', '0000-00-00 00:00:00'),
(813, 1, 'superindo', '2024-02-03', 434300, 1, '0000-00-00 00:00:00', '0000-00-00 00:00:00'),
(814, 1, 'superindo', '2024-02-03', 283180, 1, '0000-00-00 00:00:00', '0000-00-00 00:00:00'),
(815, 1, 'superindo', '2024-02-03', 32000, 1, '0000-00-00 00:00:00', '0000-00-00 00:00:00'),
(816, 1, 'superindo', '2024-02-04', 203445, 1, '0000-00-00 00:00:00', '0000-00-00 00:00:00'),
(817, 1, 'superindo', '2024-02-04', 296600, 1, '0000-00-00 00:00:00', '0000-00-00 00:00:00'),
(818, 1, 'superindo', '2024-02-04', 255800, 1, '0000-00-00 00:00:00', '0000-00-00 00:00:00'),
(819, 1, 'superindo', '2024-02-04', 244790, 1, '0000-00-00 00:00:00', '0000-00-00 00:00:00'),
(820, 1, 'superindo', '2024-02-04', 509550, 1, '0000-00-00 00:00:00', '0000-00-00 00:00:00'),
(821, 1, 'indomart', '2024-02-04', 24400, 1, '0000-00-00 00:00:00', '0000-00-00 00:00:00'),
(822, 1, 'indomart', '2024-02-04', 32800, 1, '0000-00-00 00:00:00', '0000-00-00 00:00:00'),
(823, 1, 'indomart', '2024-02-04', 31300, 1, '0000-00-00 00:00:00', '0000-00-00 00:00:00'),
(824, 1, 'alfamart', '2024-02-04', 38200, 1, '0000-00-00 00:00:00', '0000-00-00 00:00:00'),
(825, 1, 'ramai', '2024-02-04', 191900, 1, '0000-00-00 00:00:00', '0000-00-00 00:00:00'),
(826, 1, 'ramai', '2024-02-04', 1053425, 1, '0000-00-00 00:00:00', '0000-00-00 00:00:00'),
(827, 1, 'superindo', '2024-02-04', 263300, 1, '0000-00-00 00:00:00', '0000-00-00 00:00:00'),
(828, 1, 'superindo', '2024-02-04', 142500, 1, '0000-00-00 00:00:00', '0000-00-00 00:00:00'),
(829, 1, 'superindo', '2024-02-05', 102440, 1, '0000-00-00 00:00:00', '0000-00-00 00:00:00'),
(830, 1, 'tarigan', '2024-02-05', 381000, 1, '0000-00-00 00:00:00', '0000-00-00 00:00:00'),
(831, 1, 'superindo', '2024-02-05', 254400, 1, '0000-00-00 00:00:00', '0000-00-00 00:00:00'),
(832, 6, 'pembelian plastik', '2024-02-04', 18000, 1, '0000-00-00 00:00:00', '0000-00-00 00:00:00'),
(833, 1, 'alfamart', '2024-02-06', 33800, 1, '0000-00-00 00:00:00', '0000-00-00 00:00:00'),
(834, 5, 'emoney', '2024-02-06', 51500, 1, '0000-00-00 00:00:00', '0000-00-00 00:00:00'),
(835, 1, 'superindo', '2024-02-06', 98455, 1, '0000-00-00 00:00:00', '0000-00-00 00:00:00'),
(836, 1, 'alfamart', '2024-02-08', 94500, 1, '0000-00-00 00:00:00', '0000-00-00 00:00:00'),
(837, 1, 'indogrosir', '2024-02-08', 501875, 1, '0000-00-00 00:00:00', '0000-00-00 00:00:00'),
(838, 1, 'superindo', '2024-02-12', 171545, 1, '0000-00-00 00:00:00', '0000-00-00 00:00:00'),
(839, 1, 'alfamart', '2024-02-12', 30700, 1, '0000-00-00 00:00:00', '0000-00-00 00:00:00'),
(840, 12, 'Topup JTPAY', '2024-02-12', 400000, 1, '0000-00-00 00:00:00', '0000-00-00 00:00:00'),
(841, 12, 'Topup JTPAY', '2024-02-13', 1200390, 1, '0000-00-00 00:00:00', '0000-00-00 00:00:00'),
(842, 1, 'superindo', '2024-02-13', 66490, 1, '0000-00-00 00:00:00', '0000-00-00 00:00:00'),
(843, 1, 'superindo', '2024-02-13', 32000, 1, '0000-00-00 00:00:00', '0000-00-00 00:00:00'),
(844, 1, 'ramai', '2024-02-13', 327650, 1, '0000-00-00 00:00:00', '0000-00-00 00:00:00'),
(845, 1, 'superindo', '2024-02-13', 56540, 1, '0000-00-00 00:00:00', '0000-00-00 00:00:00'),
(846, 1, 'superindo', '2024-02-13', 54800, 1, '0000-00-00 00:00:00', '0000-00-00 00:00:00'),
(847, 1, 'superindo', '2024-02-13', 136195, 1, '0000-00-00 00:00:00', '0000-00-00 00:00:00'),
(848, 1, 'alfamart', '2024-02-14', 52500, 1, '0000-00-00 00:00:00', '0000-00-00 00:00:00'),
(849, 1, 'superindo', '2024-02-14', 32000, 1, '0000-00-00 00:00:00', '0000-00-00 00:00:00'),
(850, 12, 'Topup JTPAY', '2024-02-16', 115000, 1, '0000-00-00 00:00:00', '0000-00-00 00:00:00'),
(851, 1, 'superindo', '2024-02-16', 130305, 1, '0000-00-00 00:00:00', '0000-00-00 00:00:00'),
(852, 1, 'indomart', '2024-02-19', 53200, 1, '0000-00-00 00:00:00', '0000-00-00 00:00:00'),
(853, 1, 'superindo', '2024-02-19', 32000, 1, '0000-00-00 00:00:00', '0000-00-00 00:00:00'),
(854, 1, 'alfamart', '2024-02-19', 30800, 1, '0000-00-00 00:00:00', '0000-00-00 00:00:00'),
(855, 1, 'ramai', '2024-02-19', 255900, 1, '0000-00-00 00:00:00', '0000-00-00 00:00:00'),
(856, 4, 'biaya makan TPUB', '2024-02-19', 252000, 1, '0000-00-00 00:00:00', '0000-00-00 00:00:00'),
(857, 12, 'Topup JTPAY', '2024-02-20', 220000, 1, '0000-00-00 00:00:00', '0000-00-00 00:00:00'),
(858, 1, 'superindo', '2024-02-27', 96800, 1, '0000-00-00 00:00:00', '0000-00-00 00:00:00'),
(859, 1, 'superindo', '2024-02-28', 64900, 1, '0000-00-00 00:00:00', '0000-00-00 00:00:00'),
(860, 3, 'foto copy', '2024-02-27', 120600, 1, '0000-00-00 00:00:00', '0000-00-00 00:00:00'),
(861, 3, 'lakban', '2024-02-27', 19500, 1, '0000-00-00 00:00:00', '0000-00-00 00:00:00'),
(862, 4, 'pembelian snack mpps', '2024-02-29', 150000, 1, '0000-00-00 00:00:00', '0000-00-00 00:00:00'),
(863, 1, 'Alfamart', '2024-03-02', 56700, 1, '0000-00-00 00:00:00', '0000-00-00 00:00:00'),
(864, 1, 'superindo', '2024-03-02', 291600, 1, '0000-00-00 00:00:00', '0000-00-00 00:00:00'),
(865, 1, 'Superindo', '2024-03-02', 163600, 1, '0000-00-00 00:00:00', '0000-00-00 00:00:00'),
(866, 1, 'Superindo', '2024-03-03', 64900, 1, '0000-00-00 00:00:00', '0000-00-00 00:00:00'),
(867, 1, 'superindo', '2024-03-05', 32000, 1, '0000-00-00 00:00:00', '0000-00-00 00:00:00'),
(868, 1, 'superindo', '2024-03-05', 201780, 1, '0000-00-00 00:00:00', '0000-00-00 00:00:00'),
(869, 1, 'ramai', '2024-03-05', 1045200, 1, '0000-00-00 00:00:00', '0000-00-00 00:00:00'),
(870, 1, 'superindo', '2024-03-05', 139300, 1, '0000-00-00 00:00:00', '0000-00-00 00:00:00'),
(871, 1, 'superindo', '2024-03-05', 63170, 1, '0000-00-00 00:00:00', '0000-00-00 00:00:00'),
(872, 1, 'alfamart', '2024-03-05', 85700, 1, '0000-00-00 00:00:00', '0000-00-00 00:00:00'),
(873, 1, 'alfamart', '2024-03-05', 117900, 1, '0000-00-00 00:00:00', '0000-00-00 00:00:00'),
(874, 3, 'steples', '2024-05-03', 7000, 1, '0000-00-00 00:00:00', '0000-00-00 00:00:00'),
(875, 1, 'indomart', '2024-03-05', 37500, 1, '0000-00-00 00:00:00', '0000-00-00 00:00:00'),
(876, 1, 'superindo', '2024-03-05', 74590, 1, '0000-00-00 00:00:00', '0000-00-00 00:00:00'),
(877, 1, 'superindo', '2024-03-06', 32000, 1, '0000-00-00 00:00:00', '0000-00-00 00:00:00'),
(878, 1, 'superindo', '2024-03-05', 42900, 1, '0000-00-00 00:00:00', '0000-00-00 00:00:00'),
(879, 1, 'superindo', '2024-03-06', 124700, 1, '0000-00-00 00:00:00', '0000-00-00 00:00:00'),
(880, 1, 'superindo', '2024-03-06', 67900, 1, '0000-00-00 00:00:00', '0000-00-00 00:00:00'),
(881, 1, 'Pembelanjaan Ekabakti', '2024-03-06', 503600, 1, '0000-00-00 00:00:00', '0000-00-00 00:00:00'),
(882, 1, 'superindo', '2024-03-07', 32000, 1, '0000-00-00 00:00:00', '0000-00-00 00:00:00'),
(883, 1, 'superindo', '2024-03-08', 32000, 1, '0000-00-00 00:00:00', '0000-00-00 00:00:00'),
(884, 1, 'superindo', '2024-03-08', 119900, 1, '0000-00-00 00:00:00', '0000-00-00 00:00:00'),
(885, 1, 'superindo', '2024-03-08', 415500, 1, '0000-00-00 00:00:00', '0000-00-00 00:00:00'),
(886, 1, 'superindo', '2024-03-08', 263300, 1, '0000-00-00 00:00:00', '0000-00-00 00:00:00'),
(887, 1, 'superindo', '2024-03-09', 32000, 1, '0000-00-00 00:00:00', '0000-00-00 00:00:00'),
(888, 1, 'indomart', '2024-03-09', 32000, 1, '0000-00-00 00:00:00', '0000-00-00 00:00:00'),
(889, 1, 'superindo', '2024-03-09', 126000, 1, '0000-00-00 00:00:00', '0000-00-00 00:00:00'),
(890, 1, 'superindo', '2024-03-10', 174900, 1, '0000-00-00 00:00:00', '0000-00-00 00:00:00'),
(891, 1, 'superindo', '2024-03-10', 65500, 1, '0000-00-00 00:00:00', '0000-00-00 00:00:00'),
(892, 1, 'superindo', '2024-03-11', 187800, 1, '0000-00-00 00:00:00', '0000-00-00 00:00:00'),
(893, 1, 'indomart', '2024-03-10', 64000, 1, '0000-00-00 00:00:00', '0000-00-00 00:00:00'),
(894, 1, 'tarigan', '2024-03-11', 297500, 1, '0000-00-00 00:00:00', '0000-00-00 00:00:00'),
(895, 1, 'superindo Ngaliyan', '2024-03-11', 167500, 1, '0000-00-00 00:00:00', '0000-00-00 00:00:00'),
(896, 1, 'superindo Ngaliyan', '2024-03-11', 64000, 1, '0000-00-00 00:00:00', '0000-00-00 00:00:00'),
(897, 1, 'superindo', '2024-03-14', 142565, 1, '0000-00-00 00:00:00', '0000-00-00 00:00:00'),
(898, 12, 'Topup JTPAY', '2024-03-14', 650000, 1, '0000-00-00 00:00:00', '0000-00-00 00:00:00'),
(899, 1, 'gopek superindo', '2024-03-14', 10000, 1, '0000-00-00 00:00:00', '0000-00-00 00:00:00'),
(900, 1, 'pembelian sirup', '2024-03-15', 396900, 1, '0000-00-00 00:00:00', '0000-00-00 00:00:00'),
(901, 1, 'ramai', '2024-03-15', 7000, 1, '0000-00-00 00:00:00', '0000-00-00 00:00:00'),
(902, 12, 'Topup JTPAY', '2024-03-15', 281356, 1, '0000-00-00 00:00:00', '0000-00-00 00:00:00'),
(903, 12, 'Topup JTPAY', '2024-03-16', 50086, 1, '0000-00-00 00:00:00', '0000-00-00 00:00:00'),
(904, 1, 'indomart', '2024-03-16', 224000, 1, '0000-00-00 00:00:00', '0000-00-00 00:00:00'),
(905, 1, 'tarigan', '2024-03-16', 40500, 1, '0000-00-00 00:00:00', '0000-00-00 00:00:00'),
(906, 1, 'superindo', '2024-03-16', 255760, 1, '0000-00-00 00:00:00', '0000-00-00 00:00:00'),
(907, 1, 'indomart', '2024-03-16', 107600, 1, '0000-00-00 00:00:00', '0000-00-00 00:00:00'),
(908, 1, 'ekasari', '2024-03-16', 182000, 1, '0000-00-00 00:00:00', '0000-00-00 00:00:00'),
(909, 1, 'alfamart', '2024-03-16', 61800, 1, '0000-00-00 00:00:00', '0000-00-00 00:00:00'),
(910, 1, 'superindo', '2024-03-16', 165800, 1, '0000-00-00 00:00:00', '0000-00-00 00:00:00'),
(911, 1, 'indomart', '2024-03-16', 32000, 1, '0000-00-00 00:00:00', '0000-00-00 00:00:00'),
(912, 1, 'alfamart', '2024-03-16', 32000, 1, '0000-00-00 00:00:00', '0000-00-00 00:00:00'),
(913, 1, 'alfamart', '2024-03-16', 16000, 1, '0000-00-00 00:00:00', '0000-00-00 00:00:00'),
(914, 1, 'indomart', '2024-03-16', 64000, 1, '0000-00-00 00:00:00', '0000-00-00 00:00:00'),
(915, 1, 'indomart', '2024-03-16', 48000, 1, '0000-00-00 00:00:00', '0000-00-00 00:00:00'),
(916, 1, 'alfamart', '2024-03-16', 10900, 1, '0000-00-00 00:00:00', '0000-00-00 00:00:00'),
(917, 1, 'alfamart', '2024-03-16', 10000, 1, '0000-00-00 00:00:00', '0000-00-00 00:00:00'),
(918, 13, 'transferke bendahara', '2024-03-16', 450000, 1, '0000-00-00 00:00:00', '0000-00-00 00:00:00'),
(919, 1, 'alfamart', '2024-03-17', 16000, 1, '0000-00-00 00:00:00', '0000-00-00 00:00:00'),
(920, 1, 'indomart', '2024-03-17', 39900, 1, '0000-00-00 00:00:00', '0000-00-00 00:00:00'),
(921, 1, 'superindo', '2024-03-18', 157500, 1, '0000-00-00 00:00:00', '0000-00-00 00:00:00'),
(922, 1, 'ramai', '2024-03-18', 29000, 1, '0000-00-00 00:00:00', '0000-00-00 00:00:00'),
(923, 1, 'pembelanjaan superindo', '2024-03-28', 219440, 1, '0000-00-00 00:00:00', '0000-00-00 00:00:00'),
(924, 1, 'Pembelian Superindo', '2024-03-28', 173960, 1, '0000-00-00 00:00:00', '0000-00-00 00:00:00'),
(925, 1, 'Pembelian indomart', '2024-03-31', 8900, 1, '0000-00-00 00:00:00', '0000-00-00 00:00:00'),
(926, 1, 'Pembelian indomart', '2024-03-31', 32000, 1, '0000-00-00 00:00:00', '0000-00-00 00:00:00'),
(927, 1, 'Pembelian Indomart', '2024-03-31', 121180, 1, '0000-00-00 00:00:00', '0000-00-00 00:00:00'),
(928, 1, 'pembelian berkah manis', '2024-03-31', 23500, 1, '0000-00-00 00:00:00', '0000-00-00 00:00:00'),
(929, 1, 'pembelian air mineral', '2024-03-31', 48000, 1, '0000-00-00 00:00:00', '0000-00-00 00:00:00'),
(930, 1, 'pembayaran toko baru talangan', '2024-04-01', 360000, 1, '0000-00-00 00:00:00', '0000-00-00 00:00:00'),
(931, 1, 'belanja ramai', '2024-04-04', 301400, 1, '0000-00-00 00:00:00', '0000-00-00 00:00:00'),
(932, 1, 'pembayaran toko baru', '2024-04-03', 2570000, 1, '0000-00-00 00:00:00', '0000-00-00 00:00:00'),
(933, 1, 'pembayaran toko baru', '2024-04-04', 1020000, 1, '0000-00-00 00:00:00', '0000-00-00 00:00:00'),
(934, 1, 'superindo', '2024-04-01', 142690, 1, '0000-00-00 00:00:00', '0000-00-00 00:00:00'),
(935, 1, 'Superindo', '2024-04-01', 50125, 1, '0000-00-00 00:00:00', '0000-00-00 00:00:00'),
(936, 7, 'Pembayaran SHU N1 & N2', '2024-04-06', 1800000, 1, '0000-00-00 00:00:00', '0000-00-00 00:00:00'),
(937, 1, 'Pembelian Gula', '2024-04-17', 35000, 1, '0000-00-00 00:00:00', '0000-00-00 00:00:00'),
(938, 1, 'Belanja Alfamart', '2024-04-17', 151800, 1, '0000-00-00 00:00:00', '0000-00-00 00:00:00'),
(939, 12, 'Topup JTPAY', '2024-04-19', 286000, 1, '0000-00-00 00:00:00', '0000-00-00 00:00:00');

-- --------------------------------------------------------

--
-- Table structure for table `pengeluaran_upload_log`
--

CREATE TABLE `pengeluaran_upload_log` (
  `id` int(6) NOT NULL,
  `id_pos` int(4) NOT NULL,
  `deskripsi` varchar(50) NOT NULL,
  `tgl_transaksi` date NOT NULL,
  `jumlah` decimal(12,0) NOT NULL,
  `created_at` datetime NOT NULL,
  `updated_at` datetime NOT NULL
) ENGINE=InnoDB DEFAULT CHARSET=utf8mb4 COLLATE=utf8mb4_general_ci;

--
-- Dumping data for table `pengeluaran_upload_log`
--

INSERT INTO `pengeluaran_upload_log` (`id`, `id_pos`, `deskripsi`, `tgl_transaksi`, `jumlah`, `created_at`, `updated_at`) VALUES
(751, 1, 'alfamart', '2024-01-28', 16000, '0000-00-00 00:00:00', '0000-00-00 00:00:00'),
(752, 1, 'indomart', '2024-01-31', 32000, '0000-00-00 00:00:00', '0000-00-00 00:00:00'),
(753, 1, 'indomart', '2024-01-31', 32000, '0000-00-00 00:00:00', '0000-00-00 00:00:00'),
(754, 1, 'indomart', '2024-01-31', 32000, '0000-00-00 00:00:00', '0000-00-00 00:00:00'),
(755, 1, 'superindo', '2024-02-13', 32000, '0000-00-00 00:00:00', '0000-00-00 00:00:00'),
(756, 1, 'superindo', '2024-03-06', 32000, '0000-00-00 00:00:00', '0000-00-00 00:00:00'),
(757, 1, 'superindo', '2024-03-06', 32000, '0000-00-00 00:00:00', '0000-00-00 00:00:00'),
(758, 1, 'superindo', '2024-03-06', 32000, '0000-00-00 00:00:00', '0000-00-00 00:00:00'),
(759, 1, 'superindo', '2024-03-06', 32000, '0000-00-00 00:00:00', '0000-00-00 00:00:00'),
(760, 1, 'superindo', '2024-03-06', 32000, '0000-00-00 00:00:00', '0000-00-00 00:00:00'),
(761, 1, 'superindo', '2024-03-08', 32000, '0000-00-00 00:00:00', '0000-00-00 00:00:00'),
(762, 1, 'indomart', '2024-03-09', 32000, '0000-00-00 00:00:00', '0000-00-00 00:00:00'),
(763, 1, 'indomart', '2024-03-09', 32000, '0000-00-00 00:00:00', '0000-00-00 00:00:00'),
(764, 1, 'alfamart', '2024-03-16', 16000, '0000-00-00 00:00:00', '0000-00-00 00:00:00'),
(765, 1, 'indomart', '2024-03-16', 32000, '0000-00-00 00:00:00', '0000-00-00 00:00:00'),
(766, 1, 'alfamart', '2024-03-16', 16000, '0000-00-00 00:00:00', '0000-00-00 00:00:00'),
(767, 1, 'alfamart', '2024-03-16', 16000, '0000-00-00 00:00:00', '0000-00-00 00:00:00'),
(768, 1, 'alfamart', '2024-03-16', 16000, '0000-00-00 00:00:00', '0000-00-00 00:00:00');

-- --------------------------------------------------------

--
-- Table structure for table `pos_penerimaan`
--

CREATE TABLE `pos_penerimaan` (
  `id` int(4) NOT NULL,
  `nama_pos` varchar(30) NOT NULL,
  `created_at` datetime NOT NULL,
  `updated_at` datetime NOT NULL
) ENGINE=InnoDB DEFAULT CHARSET=utf8mb4 COLLATE=utf8mb4_general_ci;

--
-- Dumping data for table `pos_penerimaan`
--

INSERT INTO `pos_penerimaan` (`id`, `nama_pos`, `created_at`, `updated_at`) VALUES
(1, 'Angsuran', '0000-00-00 00:00:00', '0000-00-00 00:00:00'),
(2, 'Penjualan', '0000-00-00 00:00:00', '0000-00-00 00:00:00'),
(3, 'Uang Muka', '0000-00-00 00:00:00', '0000-00-00 00:00:00'),
(4, 'Piutang', '0000-00-00 00:00:00', '0000-00-00 00:00:00'),
(5, 'PPOB', '0000-00-00 00:00:00', '0000-00-00 00:00:00'),
(6, 'Penjualan Saham', '0000-00-00 00:00:00', '0000-00-00 00:00:00'),
(7, 'Bagi Hasil Usaha', '0000-00-00 00:00:00', '0000-00-00 00:00:00');

-- --------------------------------------------------------

--
-- Table structure for table `pos_pengeluaran`
--

CREATE TABLE `pos_pengeluaran` (
  `id` int(4) NOT NULL,
  `nama_pos` varchar(30) NOT NULL,
  `created_at` datetime NOT NULL,
  `updated_at` datetime NOT NULL
) ENGINE=InnoDB DEFAULT CHARSET=utf8mb4 COLLATE=utf8mb4_general_ci;

--
-- Dumping data for table `pos_pengeluaran`
--

INSERT INTO `pos_pengeluaran` (`id`, `nama_pos`, `created_at`, `updated_at`) VALUES
(1, 'Pembelian Barang', '0000-00-00 00:00:00', '0000-00-00 00:00:00'),
(2, 'Pembiayaan', '0000-00-00 00:00:00', '0000-00-00 00:00:00'),
(3, 'ATK', '0000-00-00 00:00:00', '0000-00-00 00:00:00'),
(4, 'Konsumsi', '0000-00-00 00:00:00', '0000-00-00 00:00:00'),
(5, 'Transportasi', '0000-00-00 00:00:00', '0000-00-00 00:00:00'),
(6, 'Lain-lain', '0000-00-00 00:00:00', '0000-00-00 00:00:00'),
(7, 'SHU', '0000-00-00 00:00:00', '0000-00-00 00:00:00'),
(8, 'Zakat', '0000-00-00 00:00:00', '0000-00-00 00:00:00'),
(9, 'Gaji', '0000-00-00 00:00:00', '0000-00-00 00:00:00'),
(10, 'Pengembalian Saham', '0000-00-00 00:00:00', '0000-00-00 00:00:00'),
(11, 'Pembelian Aset', '0000-00-00 00:00:00', '0000-00-00 00:00:00');

-- --------------------------------------------------------

--
-- Table structure for table `produk_kredit`
--

CREATE TABLE `produk_kredit` (
  `id` int(4) NOT NULL,
  `nama_barang` varchar(30) NOT NULL,
  `harga_jual` decimal(12,0) NOT NULL,
  `harga_pokok` decimal(12,0) NOT NULL,
  `dp` decimal(12,0) NOT NULL,
  `angsuran` decimal(12,0) NOT NULL,
  `tenor` decimal(12,0) NOT NULL,
  `created_at` datetime NOT NULL,
  `updated_at` datetime NOT NULL
) ENGINE=InnoDB DEFAULT CHARSET=utf8mb4 COLLATE=utf8mb4_general_ci;

--
-- Dumping data for table `produk_kredit`
--

INSERT INTO `produk_kredit` (`id`, `nama_barang`, `harga_jual`, `harga_pokok`, `dp`, `angsuran`, `tenor`, `created_at`, `updated_at`) VALUES
(2, 'Hadist Bukhori Diponegoro', 350000, 300000, 0, 50000, 7, '0000-00-00 00:00:00', '0000-00-00 00:00:00'),
(3, 'Hadist Bukhori Darul Arkom', 600000, 500000, 0, 60000, 10, '0000-00-00 00:00:00', '0000-00-00 00:00:00'),
(4, 'Himpunan 4 jilid', 180000, 140000, 0, 30000, 6, '0000-00-00 00:00:00', '0000-00-00 00:00:00'),
(5, 'Yamaha Byson 2015', 7675000, 7000000, 2500000, 517500, 10, '0000-00-00 00:00:00', '0000-00-00 00:00:00'),
(6, 'Mesin Cuci Sharp 8 Kg', 1910000, 1700000, 300000, 161000, 10, '0000-00-00 00:00:00', '0000-00-00 00:00:00'),
(7, 'HP Samsung A05 4/64', 1710000, 1460000, 200000, 151000, 10, '2024-05-06 10:06:16', '2024-05-06 10:06:16'),
(8, 'HP Infinix 40i 8/256', 1890000, 1735000, 485000, 281000, 5, '2024-05-06 10:10:35', '2024-05-06 12:10:51'),
(9, 'HP A14', 1258400, 1180000, 200000, 176400, 6, '2024-05-06 12:14:34', '2024-05-06 12:14:34'),
(10, 'Mesin Sikat Karpet 200W', 3160000, 2855100, 200000, 592000, 5, '2024-05-06 12:19:55', '2024-05-06 12:19:55'),
(11, 'Infinix Hot 40 8/256', 2070000, 1700000, 0, 172500, 12, '2024-05-06 12:25:20', '2024-05-06 12:25:20'),
(12, 'AKI Mobil 60A', 750000, 700000, 0, 150000, 5, '2024-05-06 14:32:26', '2024-05-06 14:32:26'),
(13, 'INFINIX NOTE 30 8/256', 2210000, 1821000, 400000, 364000, 5, '2024-05-06 14:36:40', '2024-05-06 14:36:40'),
(14, 'Oppo A58 6/128 GB', 2430000, 2200000, 400000, 203000, 10, '2024-05-07 01:08:18', '2024-05-07 01:08:18'),
(15, 'Suzuki Satria FU BU 2008', 8812500, 8000000, 1500000, 731250, 10, '2024-05-07 01:18:57', '2024-05-07 01:18:57'),
(16, 'Vario 110 2018', 13650000, 12300000, 6300000, 409000, 18, '2024-05-07 01:54:19', '2024-05-07 01:54:19'),
(17, 'HP Redmi Note 12 8/256', 2950000, 2690000, 700000, 225000, 10, '2024-05-07 13:56:53', '2024-05-07 13:56:53'),
(18, 'Samsung A23 6/128', 2225000, 1950000, 200000, 202500, 10, '2024-05-07 22:29:37', '2024-05-07 22:32:27'),
(19, 'HP Samsung A33 5G 8/256', 3608000, 3400000, 800000, 561600, 5, '2024-05-07 22:54:18', '2024-05-07 22:54:18'),
(20, 'Paket Belanja', 4352000, 3849550, 500000, 321000, 12, '2024-05-07 23:42:49', '2024-05-07 23:42:49'),
(21, 'Spring bed Central 2 unit', 2320000, 2100000, 400000, 192000, 10, '2024-05-08 05:17:05', '2024-05-08 05:17:05'),
(22, 'Oppo A19', 2112500, 1900000, 200000, 192250, 10, '2024-05-08 05:44:45', '2024-05-08 05:44:45'),
(23, 'Yamaha Gear 125CC 2023', 19555000, 18930000, 13930000, 562500, 10, '2024-05-08 07:51:10', '2024-05-08 07:51:10'),
(24, 'Laptol HP Gen 11', 9250000, 9000000, 5000000, 850000, 5, '2024-05-08 07:53:34', '2024-05-08 07:53:34');

-- --------------------------------------------------------

--
-- Table structure for table `role`
--

CREATE TABLE `role` (
  `id` int(11) NOT NULL,
  `nama_role` varchar(40) NOT NULL,
  `created_at` datetime NOT NULL,
  `updated_at` datetime NOT NULL
) ENGINE=InnoDB DEFAULT CHARSET=utf8mb4 COLLATE=utf8mb4_general_ci;

--
-- Dumping data for table `role`
--

INSERT INTO `role` (`id`, `nama_role`, `created_at`, `updated_at`) VALUES
(1, 'Administrator', '2024-05-09 12:04:46', '2024-05-09 12:04:46'),
(2, 'KETUA', '2024-05-09 12:04:46', '2024-05-09 12:04:46'),
(3, 'BENDAHARA', '2024-05-13 17:54:55', '2024-05-13 17:54:55'),
(4, 'SEKRETARIS', '2024-05-13 17:54:55', '2024-05-13 17:54:55'),
(5, 'PEMBINA', '2024-05-13 17:55:35', '2024-05-13 17:55:35'),
(6, 'TPUB', '2024-05-13 17:55:35', '2024-05-13 17:55:35');

-- --------------------------------------------------------

--
-- Table structure for table `role_detail`
--

CREATE TABLE `role_detail` (
  `id` int(2) NOT NULL,
  `id_role` int(4) NOT NULL,
  `id_menu` int(4) NOT NULL,
  `created_at` datetime NOT NULL,
  `updated_at` datetime NOT NULL
) ENGINE=InnoDB DEFAULT CHARSET=utf8mb4 COLLATE=utf8mb4_general_ci;

--
-- Dumping data for table `role_detail`
--

INSERT INTO `role_detail` (`id`, `id_role`, `id_menu`, `created_at`, `updated_at`) VALUES
(371, 2, 1, '2024-05-14 04:37:20', '2024-05-14 04:37:20'),
(372, 2, 7, '2024-05-14 04:37:20', '2024-05-14 04:37:20'),
(373, 2, 2, '2024-05-14 04:37:25', '2024-05-14 04:37:25'),
(374, 2, 11, '2024-05-14 04:37:25', '2024-05-14 04:37:25'),
(375, 2, 3, '2024-05-14 04:37:28', '2024-05-14 04:37:28'),
(376, 2, 15, '2024-05-14 04:37:28', '2024-05-14 04:37:28'),
(377, 2, 4, '2024-05-14 04:37:32', '2024-05-14 04:37:32'),
(378, 2, 22, '2024-05-14 04:37:32', '2024-05-14 04:37:32'),
(379, 2, 5, '2024-05-14 04:37:35', '2024-05-14 04:37:35'),
(380, 2, 33, '2024-05-14 04:37:35', '2024-05-14 04:37:35'),
(381, 2, 6, '2024-05-14 04:37:39', '2024-05-14 04:37:39'),
(382, 2, 38, '2024-05-14 04:37:39', '2024-05-14 04:37:39'),
(383, 2, 18, '2024-05-14 04:37:42', '2024-05-14 04:37:42'),
(384, 2, 19, '2024-05-14 04:37:42', '2024-05-14 04:37:42'),
(385, 2, 24, '2024-05-14 04:37:46', '2024-05-14 04:37:46'),
(387, 2, 43, '2024-05-14 04:37:50', '2024-05-14 04:37:50'),
(389, 1, 1, '2024-05-14 10:12:31', '2024-05-14 10:12:31'),
(391, 1, 2, '2024-05-14 10:15:21', '2024-05-14 10:15:21'),
(392, 1, 11, '2024-05-14 10:15:21', '2024-05-14 10:15:21'),
(393, 1, 12, '2024-05-14 10:15:26', '2024-05-14 10:15:26'),
(394, 1, 6, '2024-05-14 10:15:42', '2024-05-14 10:15:42'),
(395, 1, 38, '2024-05-14 10:15:42', '2024-05-14 10:15:42'),
(396, 1, 39, '2024-05-14 10:15:44', '2024-05-14 10:15:44'),
(397, 1, 40, '2024-05-14 10:15:46', '2024-05-14 10:15:46'),
(398, 1, 41, '2024-05-14 10:15:49', '2024-05-14 10:15:49'),
(399, 1, 42, '2024-05-14 10:15:53', '2024-05-14 10:15:53'),
(400, 2, 8, '2024-05-16 02:42:53', '2024-05-16 02:42:53'),
(401, 2, 9, '2024-05-16 02:42:57', '2024-05-16 02:42:57'),
(402, 2, 10, '2024-05-16 02:42:59', '2024-05-16 02:42:59'),
(403, 2, 12, '2024-05-16 02:43:06', '2024-05-16 02:43:06'),
(404, 2, 13, '2024-05-16 02:43:08', '2024-05-16 02:43:08'),
(405, 2, 14, '2024-05-16 02:43:10', '2024-05-16 02:43:10'),
(406, 2, 16, '2024-05-16 02:43:16', '2024-05-16 02:43:16'),
(407, 2, 17, '2024-05-16 02:43:19', '2024-05-16 02:43:19'),
(408, 2, 23, '2024-05-16 02:43:25', '2024-05-16 02:43:25'),
(409, 2, 34, '2024-05-16 02:43:30', '2024-05-16 02:43:30'),
(410, 2, 35, '2024-05-16 02:43:32', '2024-05-16 02:43:32'),
(411, 2, 36, '2024-05-16 02:43:34', '2024-05-16 02:43:34'),
(412, 2, 37, '2024-05-16 02:43:37', '2024-05-16 02:43:37'),
(413, 2, 39, '2024-05-16 02:43:44', '2024-05-16 02:43:44'),
(414, 2, 40, '2024-05-16 02:43:45', '2024-05-16 02:43:45'),
(415, 2, 41, '2024-05-16 02:43:48', '2024-05-16 02:43:48'),
(416, 2, 42, '2024-05-16 02:43:50', '2024-05-16 02:43:50'),
(417, 2, 20, '2024-05-16 02:43:54', '2024-05-16 02:43:54'),
(418, 2, 21, '2024-05-16 02:43:56', '2024-05-16 02:43:56'),
(419, 2, 45, '2024-05-16 02:43:58', '2024-05-16 02:43:58'),
(420, 2, 25, '2024-05-16 02:44:03', '2024-05-16 02:44:03'),
(421, 2, 26, '2024-05-16 02:44:05', '2024-05-16 02:44:05'),
(422, 2, 27, '2024-05-16 02:44:06', '2024-05-16 02:44:06'),
(423, 2, 28, '2024-05-16 02:44:08', '2024-05-16 02:44:08'),
(424, 2, 29, '2024-05-16 02:44:09', '2024-05-16 02:44:09'),
(425, 2, 44, '2024-05-16 02:44:13', '2024-05-16 02:44:13'),
(426, 2, 46, '2024-05-16 02:57:45', '2024-05-16 02:57:45'),
(427, 2, 47, '2024-05-16 02:57:45', '2024-05-16 02:57:45'),
(428, 6, 5, '2024-05-17 00:25:55', '2024-05-17 00:25:55'),
(429, 6, 33, '2024-05-17 00:25:55', '2024-05-17 00:25:55'),
(430, 6, 34, '2024-05-17 00:25:59', '2024-05-17 00:25:59'),
(432, 6, 36, '2024-05-17 00:28:49', '2024-05-17 00:28:49'),
(433, 6, 37, '2024-05-17 00:29:36', '2024-05-17 00:29:36'),
(435, 6, 6, '2024-05-17 00:32:23', '2024-05-17 00:32:23'),
(436, 6, 38, '2024-05-17 00:32:23', '2024-05-17 00:32:23'),
(437, 6, 39, '2024-05-17 00:32:27', '2024-05-17 00:32:27'),
(438, 6, 40, '2024-05-17 00:32:30', '2024-05-17 00:32:30'),
(439, 6, 41, '2024-05-17 00:32:34', '2024-05-17 00:32:34'),
(440, 6, 42, '2024-05-17 00:32:36', '2024-05-17 00:32:36'),
(441, 6, 43, '2024-05-17 00:32:53', '2024-05-17 00:32:53'),
(442, 6, 44, '2024-05-17 00:32:53', '2024-05-17 00:32:53'),
(443, 1, 18, '2024-05-21 02:02:20', '2024-05-21 02:02:20'),
(444, 1, 49, '2024-05-21 02:02:20', '2024-05-21 02:02:20'),
(445, 1, 45, '2024-05-21 02:02:23', '2024-05-21 02:02:23'),
(446, 1, 21, '2024-05-21 02:02:27', '2024-05-21 02:02:27'),
(447, 1, 20, '2024-05-21 02:02:31', '2024-05-21 02:02:31'),
(448, 1, 19, '2024-05-21 02:02:33', '2024-05-21 02:02:33'),
(449, 2, 49, '2024-05-21 02:03:08', '2024-05-21 02:03:08'),
(450, 1, 7, '2024-05-22 06:50:55', '2024-05-22 06:50:55'),
(451, 1, 8, '2024-05-22 06:50:56', '2024-05-22 06:50:56'),
(452, 1, 9, '2024-05-22 06:50:58', '2024-05-22 06:50:58'),
(453, 1, 10, '2024-05-22 06:51:00', '2024-05-22 06:51:00'),
(454, 1, 13, '2024-05-22 06:51:08', '2024-05-22 06:51:08'),
(455, 1, 14, '2024-05-22 06:51:09', '2024-05-22 06:51:09'),
(456, 1, 3, '2024-05-22 06:51:13', '2024-05-22 06:51:13'),
(457, 1, 15, '2024-05-22 06:51:13', '2024-05-22 06:51:13'),
(458, 1, 16, '2024-05-22 06:51:15', '2024-05-22 06:51:15'),
(459, 1, 17, '2024-05-22 06:51:16', '2024-05-22 06:51:16'),
(460, 1, 4, '2024-05-22 06:51:20', '2024-05-22 06:51:20'),
(461, 1, 22, '2024-05-22 06:51:20', '2024-05-22 06:51:20'),
(462, 1, 23, '2024-05-22 06:51:22', '2024-05-22 06:51:22'),
(463, 1, 5, '2024-05-22 06:51:26', '2024-05-22 06:51:26'),
(464, 1, 33, '2024-05-22 06:51:26', '2024-05-22 06:51:26'),
(465, 1, 34, '2024-05-22 06:51:28', '2024-05-22 06:51:28'),
(466, 1, 35, '2024-05-22 06:51:31', '2024-05-22 06:51:31'),
(467, 1, 36, '2024-05-22 06:51:33', '2024-05-22 06:51:33'),
(468, 1, 37, '2024-05-22 06:51:35', '2024-05-22 06:51:35'),
(469, 1, 24, '2024-05-22 06:51:46', '2024-05-22 06:51:46'),
(470, 1, 25, '2024-05-22 06:51:46', '2024-05-22 06:51:46'),
(471, 1, 26, '2024-05-22 06:51:48', '2024-05-22 06:51:48'),
(472, 1, 27, '2024-05-22 06:51:50', '2024-05-22 06:51:50'),
(473, 1, 28, '2024-05-22 06:51:52', '2024-05-22 06:51:52'),
(474, 1, 29, '2024-05-22 06:51:54', '2024-05-22 06:51:54'),
(475, 1, 30, '2024-05-22 06:51:55', '2024-05-22 06:51:55'),
(476, 1, 31, '2024-05-22 06:52:00', '2024-05-22 06:52:00'),
(477, 1, 32, '2024-05-22 06:52:03', '2024-05-22 06:52:03'),
(478, 1, 46, '2024-05-22 06:52:09', '2024-05-22 06:52:09'),
(479, 1, 47, '2024-05-22 06:52:09', '2024-05-22 06:52:09'),
(480, 1, 48, '2024-05-22 06:52:11', '2024-05-22 06:52:11'),
(481, 2, 48, '2024-05-22 06:52:46', '2024-05-22 06:52:46'),
(482, 3, 1, '2024-05-22 06:52:59', '2024-05-22 06:52:59'),
(483, 3, 7, '2024-05-22 06:52:59', '2024-05-22 06:52:59'),
(484, 3, 8, '2024-05-22 06:53:00', '2024-05-22 06:53:00'),
(485, 3, 9, '2024-05-22 06:53:02', '2024-05-22 06:53:02'),
(486, 3, 10, '2024-05-22 06:53:03', '2024-05-22 06:53:03'),
(487, 3, 2, '2024-05-22 06:53:11', '2024-05-22 06:53:11'),
(488, 3, 11, '2024-05-22 06:53:11', '2024-05-22 06:53:11'),
(489, 3, 13, '2024-05-22 06:53:18', '2024-05-22 06:53:18'),
(490, 3, 14, '2024-05-22 06:53:21', '2024-05-22 06:53:21'),
(491, 3, 3, '2024-05-22 06:53:33', '2024-05-22 06:53:33'),
(492, 3, 17, '2024-05-22 06:53:33', '2024-05-22 06:53:33'),
(493, 3, 5, '2024-05-22 06:53:50', '2024-05-22 06:53:50'),
(494, 3, 33, '2024-05-22 06:53:50', '2024-05-22 06:53:50'),
(495, 3, 34, '2024-05-22 06:53:53', '2024-05-22 06:53:53'),
(496, 3, 35, '2024-05-22 06:53:55', '2024-05-22 06:53:55'),
(497, 3, 36, '2024-05-22 06:53:57', '2024-05-22 06:53:57'),
(498, 3, 37, '2024-05-22 06:54:00', '2024-05-22 06:54:00'),
(499, 3, 6, '2024-05-22 06:54:09', '2024-05-22 06:54:09'),
(500, 3, 38, '2024-05-22 06:54:09', '2024-05-22 06:54:09'),
(501, 3, 39, '2024-05-22 06:54:11', '2024-05-22 06:54:11'),
(502, 3, 40, '2024-05-22 06:54:14', '2024-05-22 06:54:14'),
(503, 3, 41, '2024-05-22 06:54:16', '2024-05-22 06:54:16'),
(504, 3, 42, '2024-05-22 06:54:18', '2024-05-22 06:54:18'),
(505, 1, 50, '2024-05-24 19:02:45', '2024-05-24 19:02:45'),
(506, 2, 50, '2024-05-24 19:03:42', '2024-05-24 19:03:42'),
(507, 4, 5, '2024-05-26 10:40:18', '2024-05-26 10:40:18'),
(508, 4, 10, '2024-05-26 10:40:18', '2024-05-26 10:40:18'),
(509, 4, 33, '2024-05-26 10:40:20', '2024-05-26 10:40:20'),
(510, 4, 34, '2024-05-26 10:40:22', '2024-05-26 10:40:22'),
(511, 4, 35, '2024-05-26 10:40:23', '2024-05-26 10:40:23'),
(512, 4, 36, '2024-05-26 10:40:25', '2024-05-26 10:40:25'),
(513, 4, 37, '2024-05-26 10:40:30', '2024-05-26 10:40:30'),
(514, 4, 50, '2024-05-26 10:40:33', '2024-05-26 10:40:33'),
(515, 4, 6, '2024-05-26 10:42:02', '2024-05-26 10:42:02'),
(516, 4, 38, '2024-05-26 10:42:02', '2024-05-26 10:42:02'),
(517, 4, 39, '2024-05-26 10:42:03', '2024-05-26 10:42:03'),
(518, 4, 40, '2024-05-26 10:42:05', '2024-05-26 10:42:05'),
(519, 4, 41, '2024-05-26 10:42:07', '2024-05-26 10:42:07'),
(520, 4, 42, '2024-05-26 10:42:09', '2024-05-26 10:42:09'),
(521, 4, 1, '2024-05-26 10:42:16', '2024-05-26 10:42:16'),
(522, 4, 7, '2024-05-26 10:42:16', '2024-05-26 10:42:16'),
(523, 4, 8, '2024-05-26 10:42:17', '2024-05-26 10:42:17'),
(524, 4, 9, '2024-05-26 10:42:19', '2024-05-26 10:42:19');

-- --------------------------------------------------------

--
-- Table structure for table `saham_anggota`
--

CREATE TABLE `saham_anggota` (
  `id` int(4) NOT NULL,
  `no_kk` varchar(10) NOT NULL,
  `nama` varchar(30) NOT NULL,
  `alamat` varchar(30) NOT NULL,
  `hp` varchar(30) NOT NULL,
  `tgl_join` date NOT NULL,
  `jml_saham` int(4) NOT NULL,
  `id_tipe` int(4) NOT NULL,
  `id_status` int(2) NOT NULL,
  `created_at` datetime NOT NULL DEFAULT current_timestamp(),
  `updated_at` datetime NOT NULL DEFAULT current_timestamp()
) ENGINE=InnoDB DEFAULT CHARSET=utf8mb4 COLLATE=utf8mb4_general_ci;

--
-- Dumping data for table `saham_anggota`
--

INSERT INTO `saham_anggota` (`id`, `no_kk`, `nama`, `alamat`, `hp`, `tgl_join`, `jml_saham`, `id_tipe`, `id_status`, `created_at`, `updated_at`) VALUES
(1, 'K1001', 'SAMINAH EX HM SIKOEN', 'Krapyak', '-', '2022-01-01', 32, 1, 1, '2024-04-30 17:05:48', '2024-04-30 17:05:48'),
(2, 'K1003', 'PAINI MARSONO +IBRAHIMOVIC', '-', '-', '2023-01-01', 110, 1, 2, '2024-04-30 17:05:48', '2024-05-28 03:16:58'),
(3, 'K1003', 'ANISA RANTI', 'Krapyak1', '-', '2023-01-01', 1, 1, 1, '2024-04-30 17:05:48', '2024-04-30 17:05:48'),
(4, 'K1003', 'AHMAD NURHUDA', '-', '-', '2023-01-01', 1, 1, 1, '2024-04-30 17:05:48', '2024-04-30 11:24:49'),
(5, 'K1003', 'NANOK', 'Krapyak1', '-', '2023-01-01', 13, 1, 1, '2024-04-30 17:05:48', '2024-04-30 17:05:48'),
(6, 'K1003', 'ANI RATNA', '-', '-', '2023-01-01', 12, 1, 1, '2024-04-30 17:05:48', '2024-04-30 17:05:48'),
(7, 'K1004', 'NUR FITRIANI HEDI SUSANTO', '-', '-', '2023-01-01', 2, 1, 1, '2024-04-30 17:05:48', '2024-04-30 17:05:48'),
(9, 'K1004', 'CINDY CLARA AFRILLA', '-', '-', '2023-01-01', 1, 1, 1, '2024-04-30 17:05:48', '2024-04-30 17:05:48'),
(10, 'K1005', 'YATINAH - Alm KASROI', '-', '-', '2023-01-01', 64, 1, 1, '2024-04-30 17:05:48', '2024-04-30 11:13:01'),
(11, 'K1005', 'RENY WIDIANINGTYAS', '-', '-', '2023-01-01', 1, 1, 1, '2024-04-30 17:05:48', '2024-04-30 17:05:48'),
(12, 'K1006', 'HM ABDUL HARIS - KOMP 100', '-', '-', '2023-01-01', 100, 1, 1, '2024-04-30 17:05:48', '2024-04-30 17:05:48'),
(13, 'K1006', 'RUBIYATI', '-', '-', '2023-01-01', 5, 1, 1, '2024-04-30 17:05:48', '2024-04-30 17:05:48'),
(14, 'K1006', 'ANDI C WIJAYA', '-', '-', '2023-01-01', 2, 1, 1, '2024-04-30 17:05:48', '2024-04-30 17:05:48'),
(15, 'K1006', 'GANNY EDO', '-', '-', '2023-01-01', 5, 1, 1, '2024-04-30 17:05:48', '2024-04-30 17:05:48'),
(16, 'K1007', 'SUYANTO', '-', '-', '2023-01-01', 9, 1, 1, '2024-04-30 17:05:48', '2024-04-30 17:05:48'),
(17, 'K1007', 'SRI SUPARMI', '-', '-', '2023-01-01', 1, 1, 1, '2024-04-30 17:05:48', '2024-04-30 17:05:48'),
(18, 'K1007', 'DICKY EMIR', '-', '-', '2023-01-01', 1, 1, 1, '2024-04-30 17:05:48', '2024-04-30 17:05:48'),
(19, 'K1007', 'ISNA WAHYU', '-', '-', '2023-01-01', 1, 1, 1, '2024-04-30 17:05:48', '2024-04-30 17:05:48'),
(20, 'K1008', 'H.SUWARSO (H.ROHMAD) +1', '-', '-', '2023-01-01', 163, 1, 1, '2024-04-30 17:05:48', '2024-04-30 17:05:48'),
(21, 'K1008', 'H.ENDANG SUSI', '-', '-', '2023-01-01', 10, 1, 1, '2024-04-30 17:05:48', '2024-04-30 17:05:48'),
(22, 'K1008', 'RADITYA ARMANDA', '-', '-', '2023-01-01', 5, 1, 1, '2024-04-30 17:05:48', '2024-04-30 17:05:48'),
(23, 'K1008', 'WILDAN ANGESTI', '-', '-', '2023-01-01', 5, 1, 1, '2024-04-30 17:05:48', '2024-04-30 17:05:48'),
(24, 'K1008', 'EDDY SUCI', '-', '-', '2023-01-01', 4, 1, 1, '2024-04-30 17:05:48', '2024-04-30 17:05:48'),
(25, 'K1008', 'QONITA ADIBAH', '-', '-', '2023-01-01', 5, 1, 1, '2024-04-30 17:05:48', '2024-04-30 17:05:48'),
(26, 'K1009', 'SAGIMAN', '-', '-', '2023-01-01', 5, 1, 1, '2024-04-30 17:05:48', '2024-04-30 17:05:48'),
(27, 'K1009', 'SRI SUMARNI', '-', '-', '2023-01-01', 5, 1, 1, '2024-04-30 17:05:48', '2024-04-30 17:05:48'),
(28, 'K1009', 'FAJAR ROSYID', '-', '-', '2023-01-01', 5, 1, 1, '2024-04-30 17:05:48', '2024-04-30 17:05:48'),
(29, 'K1009', 'MURSID AJI SAEBANI', '-', '-', '2023-01-01', 5, 1, 1, '2024-04-30 17:05:48', '2024-04-30 17:05:48'),
(30, 'K1010', 'AMAT THOYIB', '-', '-', '2023-01-01', 3, 1, 1, '2024-04-30 17:05:48', '2024-04-30 17:05:48'),
(31, 'K1010', 'MUFIROH', '-', '-', '2023-01-01', 1, 1, 1, '2024-04-30 17:05:48', '2024-04-30 17:05:48'),
(32, 'K1011', 'JOKO SUYONO', '-', '-', '2023-01-01', 27, 1, 1, '2024-04-30 17:05:48', '2024-04-30 17:05:48'),
(33, 'K1011', 'PONISIH', '-', '-', '2023-01-01', 2, 1, 1, '2024-04-30 17:05:48', '2024-04-30 17:05:48'),
(34, 'K1011', 'YARJUNA ROMATA', '-', '-', '2023-01-01', 1, 1, 1, '2024-04-30 17:05:48', '2024-04-30 17:05:48'),
(35, 'K1027', 'TEGUH WIDIATMOKO', '-', '-', '2023-01-01', 1, 1, 1, '2024-04-30 17:05:49', '2024-04-30 17:05:49'),
(36, 'K1012', 'DALAIL CS', '-', '-', '2023-01-01', 5, 1, 1, '2024-04-30 17:05:49', '2024-04-30 17:05:49'),
(37, 'K1012', 'CHARISUN CS', '-', '-', '2023-01-01', 8, 1, 1, '2024-04-30 17:05:49', '2024-04-30 17:05:49'),
(38, 'K1012', 'MUKHAROMAH', '-', '-', '2023-01-01', 20, 1, 1, '2024-04-30 17:05:49', '2024-04-30 17:05:49'),
(39, 'K1012', 'NANDAR PAMUNGKAS', '-', '-', '2023-01-01', 1, 1, 1, '2024-04-30 17:05:49', '2024-04-30 17:05:49'),
(40, 'K1012', 'RAHMA INDIATI', '-', '-', '2023-01-01', 13, 1, 1, '2024-04-30 17:05:49', '2024-04-30 17:05:49'),
(41, 'K1012', 'NOVIANA', '-', '-', '2023-01-01', 2, 1, 1, '2024-04-30 17:05:49', '2024-04-30 17:05:49'),
(42, 'K1012', 'FIRDAUS SUGIARTO CS', '-', '-', '2023-01-01', 16, 1, 1, '2024-04-30 17:05:49', '2024-04-30 17:05:49'),
(43, 'K1012', 'TUGIMAN CS', '-', '-', '2023-01-01', 3, 1, 1, '2024-04-30 17:05:49', '2024-04-30 17:05:49'),
(44, 'K1012', 'MISWAN EFENDI CS', '-', '-', '2023-01-01', 10, 1, 1, '2024-04-30 17:05:49', '2024-04-30 17:05:49'),
(45, 'K1013', 'TEGUH WIDIATMOKO', '-', '-', '2023-01-01', 33, 1, 1, '2024-04-30 17:05:49', '2024-04-30 17:05:49'),
(46, 'K1013', 'UMI TRI UTANTI', '-', '-', '2023-01-01', 3, 1, 1, '2024-04-30 17:05:49', '2024-04-30 17:05:49'),
(47, 'K1013', 'ALISYA BINDA R', '-', '-', '2023-01-01', 1, 1, 1, '2024-04-30 17:05:49', '2024-04-30 17:05:49'),
(48, 'K1013', 'SAPEWA KANDA A.', '-', '-', '2023-01-01', 1, 1, 1, '2024-04-30 17:05:49', '2024-04-30 17:05:49'),
(49, 'K1013', 'WARTINAH', '-', '-', '2023-01-01', 1, 1, 1, '2024-04-30 17:05:49', '2024-04-30 17:05:49'),
(50, 'K1014', 'SLAMET WIDODO', 'Jl Subali VI/13 RT.3/4 Krapyak', '+6285727404169', '2023-01-01', 21, 1, 1, '2024-04-30 17:05:49', '2024-05-07 11:57:03'),
(51, 'K1014', 'RINA EKASARI', '-', '-', '2023-01-01', 10, 1, 1, '2024-04-30 17:05:49', '2024-04-30 17:05:49'),
(52, 'K1015', 'ABDUL AZIZ YULIANTO', '-', '-', '2023-01-01', 20, 1, 1, '2024-04-30 17:05:49', '2024-04-30 17:05:49'),
(53, 'K1016', 'MARYATUN', '-', '-', '2023-01-01', 11, 1, 1, '2024-04-30 17:05:49', '2024-04-30 17:05:49'),
(54, 'K1017', 'HJ,SALBIAH', '-', '-', '2023-01-01', 910, 1, 1, '2024-04-30 17:05:49', '2024-04-30 17:05:49'),
(55, 'K1018', 'TOTOK', '-', '-', '2023-01-01', 10, 1, 1, '2024-04-30 17:05:49', '2024-04-30 17:05:49'),
(56, 'K1019', 'BUDI SETIAWAN', '-', '-', '2023-01-01', 1, 1, 1, '2024-04-30 17:05:49', '2024-04-30 17:05:49'),
(57, 'K1019', 'ANI', '-', '-', '2023-01-01', 1, 1, 1, '2024-04-30 17:05:49', '2024-04-30 17:05:49'),
(58, 'K1019', 'WINDI ARIANI', '-', '-', '2023-01-01', 1, 1, 1, '2024-04-30 17:05:49', '2024-04-30 17:05:49'),
(59, 'K1019', 'INDAH FAUZAN', '-', '-', '2023-01-01', 1, 1, 1, '2024-04-30 17:05:49', '2024-04-30 17:05:49'),
(60, 'K1020', 'SUMARJI', '-', '-', '2023-01-01', 5, 1, 1, '2024-04-30 17:05:49', '2024-04-30 17:05:49'),
(61, 'K1021', 'M.YUSRI AMRI', '-', '-', '2023-01-01', 5, 1, 1, '2024-04-30 17:05:49', '2024-04-30 17:05:49'),
(62, 'K1021', 'SUDIYATI', '-', '-', '2023-01-01', 5, 1, 1, '2024-04-30 17:05:49', '2024-04-30 17:05:49'),
(63, 'K1022', 'ARIS BUDIYANTO', '-', '-', '2023-01-01', 4, 1, 1, '2024-04-30 17:05:49', '2024-04-30 17:05:49'),
(64, 'K1023', 'DUWI WIJATMOKO', '-', '-', '2023-01-01', 10, 1, 1, '2024-04-30 17:05:49', '2024-04-30 17:05:49'),
(65, 'K1024', 'SYAIFUDIN', '-', '-', '2023-01-01', 5, 1, 1, '2024-04-30 17:05:49', '2024-04-30 17:05:49'),
(66, 'K1025', 'ASEB SETIAWAN', '-', '-', '2023-01-01', 5, 1, 1, '2024-04-30 17:05:49', '2024-04-30 17:05:49'),
(67, 'K1026', 'KUSNI', '-', '-', '2023-01-01', 5, 1, 1, '2024-04-30 17:05:49', '2024-04-30 17:05:49'),
(68, 'K2001', 'H. DONO RAHARJO', '-', '-', '2023-01-01', 20, 1, 1, '2024-04-30 17:05:49', '2024-04-30 17:05:49'),
(69, 'K2001', 'SITI YULAIKHA', '-', '-', '2023-01-01', 51, 1, 1, '2024-04-30 17:05:49', '2024-04-30 17:05:49'),
(70, 'K2001', 'YUDHA PRADANA', '-', '-', '2023-01-01', 4, 1, 1, '2024-04-30 17:05:49', '2024-04-30 17:05:49'),
(71, 'K2001', 'YANUAR DWI P', '-', '-', '2023-01-01', 4, 1, 1, '2024-04-30 17:05:49', '2024-04-30 17:05:49'),
(72, 'K2001', 'GALUH NURKHOIR', '-', '-', '2023-01-01', 4, 1, 1, '2024-04-30 17:05:49', '2024-04-30 17:05:49'),
(73, 'K2001', 'BAYU AJI PAMUNGKAS', '-', '-', '2023-01-01', 5, 1, 1, '2024-04-30 17:05:49', '2024-04-30 17:05:49'),
(74, 'K2002', 'H.SRIYANTO -KOMP -550 +1', '-', '-', '2023-01-01', 2, 1, 1, '2024-04-30 17:05:49', '2024-04-30 17:05:49'),
(75, 'K2002', 'HJ. SRI MARYATI', '-', '-', '2023-01-01', 499, 1, 1, '2024-04-30 17:05:49', '2024-04-30 17:05:49'),
(76, 'K2002', 'AZKA RUSADI', '-', '-', '2023-01-01', 250, 1, 1, '2024-04-30 17:05:49', '2024-04-30 17:05:49'),
(77, 'K2002', 'YANUAR RIZKI AULIA', '-', '-', '2023-01-01', 250, 1, 1, '2024-04-30 17:05:49', '2024-04-30 17:05:49'),
(78, 'K2002', 'H. SRIYANTO 8/10/2023', '-', '-', '2023-01-01', 100, 1, 1, '2024-04-30 17:05:49', '2024-04-30 17:05:49'),
(79, 'K2003', 'SAJADI', '-', '-', '2023-01-01', 11, 1, 1, '2024-04-30 17:05:49', '2024-04-30 17:05:49'),
(80, 'K2003', 'SITI NURYATI', '-', '-', '2023-01-01', 84, 1, 1, '2024-04-30 17:05:49', '2024-04-30 17:05:49'),
(81, 'K2003', 'EVI CHOIMINGTYAS', '-', '-', '2023-01-01', 1, 1, 1, '2024-04-30 17:05:49', '2024-04-30 17:05:49'),
(82, 'K2003', 'AMALIA CHOIRUL JANNAH', '-', '-', '2023-01-01', 1, 1, 1, '2024-04-30 17:05:49', '2024-04-30 17:05:49'),
(83, 'K2003', 'ADI TRI SAPUTRA', '-', '-', '2023-01-01', 3, 1, 1, '2024-04-30 17:05:49', '2024-04-30 17:05:49'),
(84, 'K2003', 'SRI REJEKI', '-', '-', '2023-01-01', 15, 1, 1, '2024-04-30 17:05:49', '2024-04-30 17:05:49'),
(85, 'K2004', 'SUPARMIN', '-', '-', '2023-01-01', 26, 1, 1, '2024-04-30 17:05:49', '2024-04-30 17:05:49'),
(86, 'K2004', 'ASHOMAH', '-', '-', '2023-01-01', 32, 1, 1, '2024-04-30 17:05:49', '2024-04-30 17:05:49'),
(87, 'K2004', 'M.IQBAL', '-', '-', '2023-01-01', 26, 1, 1, '2024-04-30 17:05:49', '2024-04-30 17:05:49'),
(88, 'K2004', 'INTAN ARDIANA', '-', '-', '2023-01-01', 26, 1, 1, '2024-04-30 17:05:49', '2024-04-30 17:05:49'),
(89, 'K2004', 'M.HAFIDZ', '-', '-', '2023-01-01', 27, 1, 1, '2024-04-30 17:05:49', '2024-04-30 17:05:49'),
(90, 'K2004', 'SANTOSO', '-', '-', '2023-01-01', 1, 1, 1, '2024-04-30 17:05:49', '2024-04-30 17:05:49'),
(91, 'K2004', 'FADILAH AKBAR', '-', '-', '2023-01-01', 100, 1, 1, '2024-04-30 17:05:49', '2024-04-30 17:05:49'),
(92, 'K2005', 'AGUNG SUTARJO', '-', '-', '2023-01-01', 26, 1, 1, '2024-04-30 17:05:49', '2024-04-30 17:05:49'),
(93, 'K2005', 'DIAN SUGIHUTAMI', '-', '-', '2023-01-01', 3, 1, 1, '2024-04-30 17:05:49', '2024-04-30 17:05:49'),
(94, 'K2005', 'FEBRIAN ADIMAS', '-', '-', '2023-01-01', 7, 1, 1, '2024-04-30 17:05:49', '2024-04-30 17:05:49'),
(95, 'K2005', 'DAFA ADIAN PUTRI', '-', '-', '2023-01-01', 1, 1, 1, '2024-04-30 17:05:49', '2024-04-30 17:05:49'),
(96, 'K2006', 'SLAMET AL', '-', '-', '2023-01-01', 2, 1, 1, '2024-04-30 17:05:49', '2024-04-30 17:05:49'),
(97, 'K2006', 'SITI KONDRIYAH', '-', '-', '2023-01-01', 1, 1, 1, '2024-04-30 17:05:49', '2024-04-30 17:05:49'),
(98, 'K2006', 'VIVI SYAHRAFITRI', '-', '-', '2023-01-01', 1, 1, 1, '2024-04-30 17:05:49', '2024-04-30 17:05:49'),
(99, 'K2006', 'WINA ALMIANA', '-', '-', '2023-01-01', 1, 1, 1, '2024-04-30 17:05:49', '2024-04-30 17:05:49'),
(100, 'K2007', 'WIDODO', '-', '-', '2023-01-01', 1, 1, 1, '2024-04-30 17:05:49', '2024-04-30 17:05:49'),
(101, 'K2007', 'PARYATUN', '-', '-', '2023-01-01', 1, 1, 1, '2024-04-30 17:05:49', '2024-04-30 17:05:49'),
(102, 'K2007', 'DAVID MIFTAHUL', '-', '-', '2023-01-01', 1, 1, 1, '2024-04-30 17:05:49', '2024-04-30 17:05:49'),
(103, 'K2007', 'CHUSNUL DEWI', '-', '-', '2023-01-01', 1, 1, 1, '2024-04-30 17:05:49', '2024-04-30 17:05:49'),
(104, 'K2008', 'NGATMIN', '-', '-', '2023-01-01', 4, 1, 1, '2024-04-30 17:05:49', '2024-04-30 17:05:49'),
(105, 'K2008', 'SUMARNI', '-', '-', '2023-01-01', 1, 1, 1, '2024-04-30 17:05:49', '2024-04-30 17:05:49'),
(106, 'K2008', 'EKA TANTY', '-', '-', '2023-01-01', 1, 1, 1, '2024-04-30 17:05:49', '2024-04-30 17:05:49'),
(107, 'K2008', 'RENY DAMAYANTI', '-', '-', '2023-01-01', 1, 1, 1, '2024-04-30 17:05:49', '2024-04-30 17:05:49'),
(108, 'K2009', 'IMRON MUSA', '-', '-', '2023-01-01', 5, 1, 1, '2024-04-30 17:05:49', '2024-04-30 17:05:49'),
(109, 'K2009', 'ELLY KRISANTI', '-', '-', '2023-01-01', 1, 1, 1, '2024-04-30 17:05:49', '2024-04-30 17:05:49'),
(110, 'K2009', 'ANNISA TIARA', '-', '-', '2023-01-01', 2, 1, 1, '2024-04-30 17:05:49', '2024-04-30 17:05:49'),
(111, 'K2009', 'TIARA SALSA', '-', '-', '2023-01-01', 1, 1, 1, '2024-04-30 17:05:49', '2024-04-30 17:05:49'),
(112, 'K2010', 'SENTOT RAHARJO  620 - 400', '-', '-', '2023-01-01', 220, 1, 1, '2024-04-30 17:05:49', '2024-04-30 17:05:49'),
(113, 'K2011', 'SRI MURTINI', '-', '-', '2023-01-01', 2, 1, 1, '2024-04-30 17:05:49', '2024-04-30 17:05:49'),
(114, 'K2012', 'ABDUL ROKHIM', '-', '-', '2023-01-01', 2, 1, 1, '2024-04-30 17:05:49', '2024-04-30 17:05:49'),
(115, 'K2013', 'IMAN SUJADI', '-', '-', '2023-01-01', 15, 1, 1, '2024-04-30 17:05:49', '2024-04-30 17:05:49'),
(116, 'K2013', 'NGADIKEM', '-', '-', '2023-01-01', 13, 1, 1, '2024-04-30 17:05:49', '2024-04-30 17:05:49'),
(117, 'K2014', 'SUSIHADI', '-', '-', '2023-01-01', 5, 1, 1, '2024-04-30 17:05:49', '2024-04-30 17:05:49'),
(118, 'K2014', 'BUDI URYANTO', '-', '-', '2023-01-01', 5, 1, 1, '2024-04-30 17:05:49', '2024-04-30 17:05:49'),
(119, 'K2014', 'RIAM', '-', '-', '2023-01-01', 12, 1, 1, '2024-04-30 17:05:49', '2024-04-30 17:05:49'),
(120, 'K2014', 'ELSA RISKI', '-', '-', '2023-01-01', 1, 1, 1, '2024-04-30 17:05:49', '2024-04-30 17:05:49'),
(121, 'K2014', 'RENI DAMAYANTI', '-', '-', '2023-01-01', 1, 1, 1, '2024-04-30 17:05:49', '2024-04-30 17:05:49'),
(122, 'K2015', 'NGATEMAN', '-', '-', '2023-01-01', 30, 1, 1, '2024-04-30 17:05:49', '2024-04-30 17:05:49'),
(123, 'K2015', 'IMAM SAPUTRO', '-', '-', '2023-01-01', 10, 1, 1, '2024-04-30 17:05:49', '2024-04-30 17:05:49'),
(124, 'K2016', 'SLAMET TBK', '-', '-', '2023-01-01', 10, 1, 1, '2024-04-30 17:05:49', '2024-04-30 17:05:49'),
(125, 'K2017', 'AGUNG PRAYITNO', '-', '-', '2023-01-01', 100, 1, 1, '2024-04-30 17:05:49', '2024-04-30 17:05:49'),
(126, 'K2018', 'ROSIDAH', '-', '-', '2023-01-01', 3, 1, 1, '2024-04-30 17:05:49', '2024-04-30 17:05:49'),
(127, 'K2018', 'ARIEF TEGUH RAHARJO', '-', '-', '2023-01-01', 9, 1, 1, '2024-04-30 17:05:49', '2024-04-30 17:05:49'),
(128, 'K2018', 'AGUS HARI WIBOWO', '-', '-', '2023-01-01', 1, 1, 1, '2024-04-30 17:05:49', '2024-04-30 17:05:49'),
(129, 'K2018', 'FIRDAUS ISNANTO', '-', '-', '2023-01-01', 1, 1, 1, '2024-04-30 17:05:49', '2024-04-30 17:05:49'),
(130, 'K2019', 'WAWID 01-06-2023', '-', '-', '2023-01-01', 1, 1, 1, '2024-04-30 17:05:49', '2024-04-30 17:05:49'),
(131, 'K2019', 'KINSELA PUTRI', '-', '-', '2023-01-01', 1, 1, 1, '2024-04-30 17:05:49', '2024-04-30 17:05:49'),
(132, 'K2019', 'IBRA SS', '-', '-', '2023-01-01', 1, 1, 1, '2024-04-30 17:05:49', '2024-04-30 17:05:49'),
(133, 'K2020', 'NURSODIK', '-', '-', '2023-01-01', 1, 1, 1, '2024-04-30 17:05:49', '2024-04-30 17:05:49'),
(134, 'S1001', 'AGUS HP', '-', '-', '2023-01-01', 18, 1, 1, '2024-04-30 17:05:49', '2024-04-30 17:05:49'),
(135, 'S1001', 'ANA H', '-', '-', '2023-01-01', 5, 1, 1, '2024-04-30 17:05:49', '2024-04-30 17:05:49'),
(136, 'S1001', 'ADITYA', '-', '-', '2023-01-01', 4, 1, 1, '2024-04-30 17:05:49', '2024-04-30 17:05:49'),
(137, 'S1001', 'AISYAH', '-', '-', '2023-01-01', 5, 1, 1, '2024-04-30 17:05:49', '2024-04-30 17:05:49'),
(138, 'S1001', 'SRI WIDODO', '-', '-', '2023-01-01', 1, 1, 1, '2024-04-30 17:05:49', '2024-04-30 17:05:49'),
(139, 'S1002', 'SUHEIMI', '-', '-', '2023-01-01', 45, 1, 1, '2024-04-30 17:05:49', '2024-04-30 17:05:49'),
(140, 'S1002', 'SITI NURCAHYANI', '-', '-', '2023-01-01', 10, 1, 1, '2024-04-30 17:05:49', '2024-04-30 17:05:49'),
(141, 'S1003', 'SUYONO', '-', '-', '2023-01-01', 20, 1, 1, '2024-04-30 17:05:49', '2024-04-30 17:05:49'),
(142, 'S1003', 'SULASTRI', '-', '-', '2023-01-01', 32, 1, 1, '2024-04-30 17:05:49', '2024-04-30 17:05:49'),
(143, 'S1003', 'NURAINI', '-', '-', '2023-01-01', 20, 1, 1, '2024-04-30 17:05:49', '2024-04-30 17:05:49'),
(144, 'S1003', 'YUSNI', '-', '-', '2023-01-01', 20, 1, 1, '2024-04-30 17:05:49', '2024-04-30 17:05:49'),
(145, 'S1004', 'BAMBANG S - KOMP 100 LBR', '-', '-', '2023-01-01', 412, 1, 1, '2024-04-30 17:05:49', '2024-04-30 17:05:49'),
(146, 'S1004', 'ROMLAH', '-', '-', '2023-01-01', 2, 1, 1, '2024-04-30 17:05:49', '2024-04-30 17:05:49'),
(147, 'S1004', 'FAISAL', '-', '-', '2023-01-01', 2, 1, 1, '2024-04-30 17:05:49', '2024-04-30 17:05:49'),
(148, 'S1004', 'KURNIAWAN', '-', '-', '2023-01-01', 1, 1, 1, '2024-04-30 17:05:49', '2024-04-30 17:05:49'),
(149, 'S1004', 'MIFTAKHUL', '-', '-', '2023-01-01', 1, 1, 1, '2024-04-30 17:05:49', '2024-04-30 17:05:49'),
(150, 'S1004', 'TIARA KS', '-', '-', '2023-01-01', 2, 1, 1, '2024-04-30 17:05:49', '2024-04-30 17:05:49'),
(151, 'S1005', 'BUDI SANTOSO - SIMONGAN', '-', '-', '2023-01-01', 77, 1, 1, '2024-04-30 17:05:49', '2024-04-30 17:05:49'),
(152, 'S1005', 'FANI F', '-', '-', '2023-01-01', 11, 1, 1, '2024-04-30 17:05:49', '2024-04-30 17:05:49'),
(153, 'S1005', 'SULTAN A.H', '-', '-', '2023-01-01', 14, 1, 1, '2024-04-30 17:05:49', '2024-04-30 17:05:49'),
(154, 'S1005', 'BALYA DIFA AA', '-', '-', '2023-01-01', 15, 1, 1, '2024-04-30 17:05:49', '2024-04-30 17:05:49'),
(155, 'S1005', 'TOMI AD', '-', '-', '2023-01-01', 1, 1, 1, '2024-04-30 17:05:49', '2024-04-30 17:05:49'),
(156, 'S1006', 'ABDUL NASIR', '-', '-', '2023-01-01', 11, 1, 1, '2024-04-30 17:05:49', '2024-04-30 17:05:49'),
(157, 'S1006', 'SITI NIARSIH', '-', '-', '2023-01-01', 10, 1, 1, '2024-04-30 17:05:49', '2024-04-30 17:05:49'),
(158, 'S1006', 'NAILA AZKA', '-', '-', '2023-01-01', 3, 1, 1, '2024-04-30 17:05:49', '2024-04-30 17:05:49'),
(159, 'S1006', 'MAFAZA CHUSNA N', '-', '-', '2023-01-01', 5, 1, 1, '2024-04-30 17:05:49', '2024-04-30 17:05:49'),
(160, 'S1006', 'JOKO NUGROHO', '-', '-', '2023-01-01', 13, 1, 1, '2024-04-30 17:05:49', '2024-04-30 17:05:49'),
(161, 'S1007', 'SUNARNO', '-', '-', '2023-01-01', 1, 1, 1, '2024-04-30 17:05:49', '2024-04-30 17:05:49'),
(162, 'S1007', 'TRI ROHMANI', '-', '-', '2023-01-01', 1, 1, 1, '2024-04-30 17:05:49', '2024-04-30 17:05:49'),
(163, 'S1007', 'ANIS NL', '-', '-', '2023-01-01', 1, 1, 1, '2024-04-30 17:05:49', '2024-04-30 17:05:49'),
(164, 'S1007', 'ANNA FAQIH', '-', '-', '2023-01-01', 0, 1, 1, '2024-04-30 17:05:49', '2024-04-30 17:05:49'),
(165, 'S1007', 'FAQIH', '-', '-', '2023-01-01', 2, 1, 1, '2024-04-30 17:05:49', '2024-04-30 17:05:49'),
(166, 'S1007', 'NITHA', '-', '-', '2023-01-01', 2, 1, 1, '2024-04-30 17:05:49', '2024-04-30 17:05:49'),
(167, 'S1007', 'RIKA', '-', '-', '2023-01-01', 0, 1, 1, '2024-04-30 17:05:49', '2024-04-30 17:05:49'),
(168, 'S1008', 'TEGUH RAHIYANTO', '-', '-', '2023-01-01', 1, 1, 1, '2024-04-30 17:05:49', '2024-04-30 17:05:49'),
(169, 'S1009', 'SUDJIANTO', '-', '-', '2023-01-01', 1, 1, 1, '2024-04-30 17:05:49', '2024-04-30 17:05:49'),
(170, 'S1009', 'SOFIATUN', '-', '-', '2023-01-01', 1, 1, 1, '2024-04-30 17:05:49', '2024-04-30 17:05:49'),
(171, 'S1009', 'INDRI', '-', '-', '2023-01-01', 2, 1, 1, '2024-04-30 17:05:49', '2024-04-30 17:05:49'),
(172, 'S1009', 'WINDA', '-', '-', '2023-01-01', 1, 1, 1, '2024-04-30 17:05:49', '2024-04-30 17:05:49'),
(173, 'S1009', 'M.MULTAZAM', '-', '-', '2023-01-01', 1, 1, 1, '2024-04-30 17:05:49', '2024-04-30 17:05:49'),
(174, 'S1009', 'SUMARJO', '-', '-', '2023-01-01', 20, 1, 1, '2024-04-30 17:05:49', '2024-04-30 17:05:49'),
(175, 'S1010', 'TRIAGUS BW', '-', '-', '2023-01-01', 1, 1, 1, '2024-04-30 17:05:49', '2024-04-30 17:05:49'),
(176, 'S1010', 'NURAINI', '-', '-', '2023-01-01', 1, 1, 1, '2024-04-30 17:05:49', '2024-04-30 17:05:49'),
(177, 'S1010', 'YANUAR LUTFI', '-', '-', '2023-01-01', 1, 1, 1, '2024-04-30 17:05:49', '2024-04-30 17:05:49'),
(178, 'S1010', 'MIFTAH ARISKA', '-', '-', '2023-01-01', 1, 1, 1, '2024-04-30 17:05:49', '2024-04-30 17:05:49'),
(179, 'S1010', 'QURROTA CHURRY', '-', '-', '2023-01-01', 1, 1, 1, '2024-04-30 17:05:49', '2024-04-30 17:05:49'),
(180, 'S1010', 'NURING FITRAH', '-', '-', '2023-01-01', 1, 1, 1, '2024-04-30 17:05:49', '2024-04-30 17:05:49'),
(181, 'S1010', 'MARDIYAN R', '-', '-', '2023-01-01', 1, 1, 1, '2024-04-30 17:05:49', '2024-04-30 17:05:49'),
(182, 'S1010', 'FATHUDIN ARSAD', '-', '-', '2023-01-01', 1, 1, 1, '2024-04-30 17:05:49', '2024-04-30 17:05:49'),
(183, 'S1010', 'FAUZI DARMAWAN', '-', '-', '2023-01-01', 1, 1, 1, '2024-04-30 17:05:49', '2024-04-30 17:05:49'),
(184, 'S1010', 'FATTAHUDIN', '-', '-', '2023-01-01', 1, 1, 1, '2024-04-30 17:05:49', '2024-04-30 17:05:49'),
(185, 'S1010', 'YULIA UTAMANING P', '-', '-', '2023-01-01', 1, 1, 1, '2024-04-30 17:05:49', '2024-04-30 17:05:49'),
(186, 'S1010', 'M.JHAYYUN', '-', '-', '2023-01-01', 1, 1, 1, '2024-04-30 17:05:49', '2024-04-30 17:05:49'),
(187, 'S1011', 'SLAMET W - KENDAL', '-', '-', '2023-01-01', 14, 1, 1, '2024-04-30 17:05:49', '2024-04-30 17:05:49'),
(188, 'S1011', 'RAHMAWATI', '-', '-', '2023-01-01', 5, 1, 1, '2024-04-30 17:05:49', '2024-04-30 17:05:49'),
(189, 'S1011', 'ISNAINI', '-', '-', '2023-01-01', 3, 1, 1, '2024-04-30 17:05:49', '2024-04-30 17:05:49'),
(190, 'S1011', 'TSABIT A', '-', '-', '2023-01-01', 3, 1, 1, '2024-04-30 17:05:49', '2024-04-30 17:05:49'),
(191, 'S1011', 'ILMA MU', '-', '-', '2023-01-01', 5, 1, 1, '2024-04-30 17:05:49', '2024-04-30 17:05:49'),
(192, 'S1013', 'SUKIDI', '-', '-', '2023-01-01', 6, 1, 1, '2024-04-30 17:05:49', '2024-04-30 17:05:49'),
(193, 'S1013', 'CERAH PK', '-', '-', '2023-01-01', 5, 1, 1, '2024-04-30 17:05:49', '2024-04-30 17:05:49'),
(194, 'S1013', 'BILQIS', '-', '-', '2023-01-01', 5, 1, 1, '2024-04-30 17:05:49', '2024-04-30 17:05:49'),
(195, 'S1014', 'SUWARNO', '-', '-', '2023-01-01', 5, 1, 1, '2024-04-30 17:05:49', '2024-04-30 17:05:49'),
(196, 'S1014', 'KARSINI', '-', '-', '2023-01-01', 4, 1, 1, '2024-04-30 17:05:49', '2024-04-30 17:05:49'),
(197, 'S1014', 'F.KURNIAWATI', '-', '-', '2023-01-01', 2, 1, 1, '2024-04-30 17:05:49', '2024-04-30 17:05:49'),
(198, 'S1014', 'ARIS K', '-', '-', '2023-01-01', 3, 1, 1, '2024-04-30 17:05:49', '2024-04-30 17:05:49'),
(199, 'S1014', 'DIANA M', '-', '-', '2023-01-01', 2, 1, 1, '2024-04-30 17:05:49', '2024-04-30 17:05:49'),
(200, 'S1014', 'RIZKI K', '-', '-', '2023-01-01', 1, 1, 1, '2024-04-30 17:05:49', '2024-04-30 17:05:49'),
(201, 'S1014', 'KURNIA MA', '-', '-', '2023-01-01', 1, 1, 1, '2024-04-30 17:05:49', '2024-04-30 17:05:49'),
(202, 'S1014', 'NURHIDAYAH', '-', '-', '2023-01-01', 1, 1, 1, '2024-04-30 17:05:49', '2024-04-30 17:05:49'),
(203, 'S1014', 'K.YUSUF A', '-', '-', '2023-01-01', 2, 1, 1, '2024-04-30 17:05:49', '2024-04-30 17:05:49'),
(204, 'S1015', 'SISWANDI - X', '-', '-', '2023-01-01', 12, 1, 1, '2024-04-30 17:05:49', '2024-04-30 17:05:49'),
(205, 'S1015', 'AFIT BL', '-', '-', '2023-01-01', 5, 1, 1, '2024-04-30 17:05:49', '2024-04-30 17:05:49'),
(206, 'S1015', 'PUTRI', '-', '-', '2023-01-01', 2, 1, 1, '2024-04-30 17:05:49', '2024-04-30 17:05:49'),
(207, 'S1015', 'PERMATA', '-', '-', '2023-01-01', 2, 1, 1, '2024-04-30 17:05:49', '2024-04-30 17:05:49'),
(208, 'S1016', 'S.KHOTIB - JAKARTA', '-', '-', '2023-01-01', 7, 1, 1, '2024-04-30 17:05:49', '2024-04-30 17:05:49'),
(209, 'S1016', 'ANDIKA', '-', '-', '2023-01-01', 4, 1, 1, '2024-04-30 17:05:49', '2024-04-30 17:05:49'),
(210, 'S1016', 'NOVIKA', '-', '-', '2023-01-01', 3, 1, 1, '2024-04-30 17:05:49', '2024-04-30 17:05:49'),
(211, 'S1016', 'SUTIYEM', '-', '-', '2023-01-01', 5, 1, 1, '2024-04-30 17:05:49', '2024-04-30 17:05:49'),
(212, 'S1017', 'GIYANTO', '-', '-', '2023-01-01', 7, 1, 1, '2024-04-30 17:05:49', '2024-04-30 17:05:49'),
(213, 'S1017', 'UMI KHASANAH', '-', '-', '2023-01-01', 7, 1, 1, '2024-04-30 17:05:49', '2024-04-30 17:05:49'),
(214, 'S1017', 'DELA', '-', '-', '2023-01-01', 2, 1, 1, '2024-04-30 17:05:49', '2024-04-30 17:05:49'),
(215, 'S1018', 'PAIMAN - BOYOLALI', '-', '-', '2023-01-01', 14, 1, 1, '2024-04-30 17:05:49', '2024-04-30 17:05:49'),
(216, 'S1018', 'TRINEM', '-', '-', '2023-01-01', 5, 1, 1, '2024-04-30 17:05:49', '2024-04-30 17:05:49'),
(217, 'S1019', 'EDI SUYATMAN', '-', '-', '2023-01-01', 5, 1, 1, '2024-04-30 17:05:49', '2024-04-30 17:05:49'),
(218, 'S1019', 'SRI WARYANTI', '-', '-', '2023-01-01', 11, 1, 1, '2024-04-30 17:05:49', '2024-04-30 17:05:49'),
(219, 'S1019', 'ANAS WIBOWO', '-', '-', '2023-01-01', 5, 1, 1, '2024-04-30 17:05:49', '2024-04-30 17:05:49'),
(220, 'S1020', 'MULYONO', '-', '-', '2023-01-01', 10, 1, 1, '2024-04-30 17:05:49', '2024-04-30 17:05:49'),
(221, 'S1020', 'HESTI', '-', '-', '2023-01-01', 5, 1, 1, '2024-04-30 17:05:49', '2024-04-30 17:05:49'),
(222, 'S1020', 'NURUL', '-', '-', '2023-01-01', 2, 1, 1, '2024-04-30 17:05:49', '2024-04-30 17:05:49'),
(223, 'S1021', 'MULYANTO - UNGARAN', '-', '-', '2023-01-01', 9, 1, 1, '2024-04-30 17:05:49', '2024-04-30 17:05:49'),
(224, 'S1021', 'SRI WAHYUNI', '-', '-', '2023-01-01', 4, 1, 1, '2024-04-30 17:05:49', '2024-04-30 17:05:49'),
(225, 'S1021', 'DUAN YUNIAR', '-', '-', '2023-01-01', 6, 1, 1, '2024-04-30 17:05:49', '2024-04-30 17:05:49'),
(226, 'S1021', 'DIAH KUSUMA', '-', '-', '2023-01-01', 9, 1, 1, '2024-04-30 17:05:49', '2024-04-30 17:05:49'),
(227, 'S1021', 'AFTONA HARIS', '-', '-', '2023-01-01', 4, 1, 1, '2024-04-30 17:05:49', '2024-04-30 17:05:49'),
(228, 'S1021', 'SITI AMINAH', '-', '-', '2023-01-01', 2, 1, 1, '2024-04-30 17:05:49', '2024-04-30 17:05:49'),
(229, 'S1022', 'SUPARMAN', '-', '-', '2023-01-01', 11, 1, 1, '2024-04-30 17:05:49', '2024-04-30 17:05:49'),
(230, 'S1022', 'SWI MARSINI - JAKARTA', '-', '-', '2023-01-01', 3, 1, 1, '2024-04-30 17:05:49', '2024-04-30 17:05:49'),
(231, 'S1023', 'SUWARSI - PINDAH', '-', '-', '2023-01-01', 5, 1, 1, '2024-04-30 17:05:49', '2024-04-30 17:05:49'),
(232, 'S1023', 'TRI SUPARMI - PINDAH', '-', '-', '2023-01-01', 7, 1, 1, '2024-04-30 17:05:49', '2024-04-30 17:05:49'),
(233, 'S1024', 'SATRIO', '-', '-', '2023-01-01', 3, 1, 1, '2024-04-30 17:05:49', '2024-04-30 17:05:49'),
(234, 'S1024', 'ENDANG', '-', '-', '2023-01-01', 1, 1, 1, '2024-04-30 17:05:49', '2024-04-30 17:05:49'),
(235, 'S1024', 'IMAM', '-', '-', '2023-01-01', 1, 1, 1, '2024-04-30 17:05:49', '2024-04-30 17:05:49'),
(236, 'S1024', 'RUKIYEM', '-', '-', '2023-01-01', 11, 1, 1, '2024-04-30 17:05:49', '2024-04-30 17:05:49'),
(237, 'S1024', 'UMI DYAH', '-', '-', '2023-01-01', 1, 1, 1, '2024-04-30 17:05:49', '2024-04-30 17:05:49'),
(238, 'S1024', 'DEWI', '-', '-', '2023-01-01', 1, 1, 1, '2024-04-30 17:05:49', '2024-04-30 17:05:49'),
(239, 'S1024', 'HARDANA', '-', '-', '2023-01-01', 1, 1, 1, '2024-04-30 17:05:49', '2024-04-30 17:05:49'),
(240, 'S1025', 'S.KHOLIL', '-', '-', '2023-01-01', 3, 1, 1, '2024-04-30 17:05:49', '2024-04-30 17:05:49'),
(241, 'S1025', 'TRI SURATINI', '-', '-', '2023-01-01', 3, 1, 1, '2024-04-30 17:05:49', '2024-04-30 17:05:49'),
(242, 'S1025', 'NUR AZIZ', '-', '-', '2023-01-01', 2, 1, 1, '2024-04-30 17:05:49', '2024-04-30 17:05:49'),
(243, 'S1025', 'DEDI', '-', '-', '2023-01-01', 1, 1, 1, '2024-04-30 17:05:49', '2024-04-30 17:05:49'),
(244, 'S1025', 'FAJAR A', '-', '-', '2023-01-01', 1, 1, 1, '2024-04-30 17:05:49', '2024-04-30 17:05:49'),
(245, 'S1025', 'AYUMI P', '-', '-', '2023-01-01', 2, 1, 1, '2024-04-30 17:05:49', '2024-04-30 17:05:49'),
(246, 'S1026', 'SUKAMDA - SOLO', '-', '-', '2023-01-01', 11, 1, 1, '2024-04-30 17:05:49', '2024-04-30 17:05:49'),
(247, 'S1027', 'JOKO ARIAWAN', '-', '-', '2023-01-01', 6, 1, 1, '2024-04-30 17:05:49', '2024-04-30 17:05:49'),
(248, 'S1027', 'IDA WAHYU', '-', '-', '2023-01-01', 1, 1, 1, '2024-04-30 17:05:49', '2024-04-30 17:05:49'),
(249, 'S1027', 'IQBAL M', '-', '-', '2023-01-01', 4, 1, 1, '2024-04-30 17:05:50', '2024-04-30 17:05:50'),
(250, 'S1027', 'IBAIDAH BAYU', '-', '-', '2023-01-01', 1, 1, 1, '2024-04-30 17:05:50', '2024-04-30 17:05:50'),
(251, 'S1028', 'WAHYUDI', '-', '-', '2023-01-01', 1, 1, 1, '2024-04-30 17:05:50', '2024-04-30 17:05:50'),
(252, 'S1028', 'SUPINI', '-', '-', '2023-01-01', 1, 1, 1, '2024-04-30 17:05:50', '2024-04-30 17:05:50'),
(253, 'S1028', 'LISTYANI WA', '-', '-', '2023-01-01', 1, 1, 1, '2024-04-30 17:05:50', '2024-04-30 17:05:50'),
(254, 'S1028', 'LISTYANA W', '-', '-', '2023-01-01', 1, 1, 1, '2024-04-30 17:05:50', '2024-04-30 17:05:50'),
(255, 'S1028', 'WAHYU NISA', '-', '-', '2023-01-01', 1, 1, 1, '2024-04-30 17:05:50', '2024-04-30 17:05:50'),
(256, 'S1029', 'SRI HARYANI', '-', '-', '2023-01-01', 5, 1, 1, '2024-04-30 17:05:50', '2024-04-30 17:05:50'),
(257, 'S1030', 'YULI', '-', '-', '2023-01-01', 1, 1, 1, '2024-04-30 17:05:50', '2024-04-30 17:05:50'),
(258, 'S1031', 'AULIA', '-', '-', '2023-01-01', 1, 1, 1, '2024-04-30 17:05:50', '2024-04-30 17:05:50'),
(259, 'S1032', 'GALIH SABILA R', '-', '-', '2023-01-01', 3, 1, 1, '2024-04-30 17:05:50', '2024-04-30 17:05:50'),
(260, 'S1033', 'LAURA', '-', '-', '2023-01-01', 2, 1, 1, '2024-04-30 17:05:50', '2024-04-30 17:05:50'),
(261, 'S1034', 'HARYANI', '-', '-', '2023-01-01', 10, 1, 1, '2024-04-30 17:05:50', '2024-04-30 17:05:50'),
(262, 'S1035', 'SUTARTI', '-', '-', '2023-01-01', 5, 1, 1, '2024-04-30 17:05:50', '2024-04-30 17:05:50'),
(263, 'S1036', 'TITIK SETYONINGSIH', '-', '-', '2023-01-01', 5, 1, 1, '2024-04-30 17:05:50', '2024-04-30 17:05:50'),
(264, 'S1037', 'BEJO - PATI', '-', '-', '2023-01-01', 5, 1, 1, '2024-04-30 17:05:50', '2024-04-30 17:05:50'),
(265, 'S1038', 'SIAMAH - KENDAL', '-', '-', '2023-01-01', 1, 1, 1, '2024-04-30 17:05:50', '2024-04-30 17:05:50'),
(266, 'S1039', 'SYAIFUL', '-', '-', '2023-01-01', 9, 1, 1, '2024-04-30 17:05:50', '2024-04-30 17:05:50'),
(267, 'S1040', 'SUMADI', '-', '-', '2023-01-01', 15, 1, 1, '2024-04-30 17:05:50', '2024-04-30 17:05:50'),
(268, 'S1041', 'SUSILO - PINDAH', '-', '-', '2023-01-01', 1, 1, 1, '2024-04-30 17:05:50', '2024-04-30 17:05:50'),
(269, 'S1042', 'MARIANA - PINDAH', '-', '-', '2023-01-01', 2, 1, 1, '2024-04-30 17:05:50', '2024-04-30 17:05:50'),
(270, 'S1043', 'MARIANI - JAKARTA', '-', '-', '2023-01-01', 2, 1, 1, '2024-04-30 17:05:50', '2024-04-30 17:05:50'),
(271, 'S1044', 'IBNU SUTOWO', '-', '-', '2023-01-01', 3, 1, 1, '2024-04-30 17:05:50', '2024-04-30 17:05:50'),
(272, 'S1045', 'SLAMET DS - MENINGGAL', '-', '-', '2023-01-01', 1, 1, 1, '2024-04-30 17:05:50', '2024-04-30 17:05:50'),
(273, 'S1046', 'ARINA SP', '-', '-', '2023-01-01', 1, 1, 1, '2024-04-30 17:05:50', '2024-04-30 17:05:50'),
(274, 'S0147', 'JULI ANDRE', '-', '-', '2023-01-01', 2, 1, 1, '2024-04-30 17:05:50', '2024-04-30 17:05:50'),
(275, 'S1048', 'DIENA', '-', '-', '2023-01-01', 1, 1, 1, '2024-04-30 17:05:50', '2024-04-30 17:05:50'),
(276, 'S1049', 'SLAMET P', '-', '-', '2023-01-01', 1, 1, 1, '2024-04-30 17:05:50', '2024-04-30 17:05:50'),
(277, 'S1050', 'DINA', '-', '-', '2023-01-01', 1, 1, 1, '2024-04-30 17:05:50', '2024-04-30 17:05:50'),
(278, 'S1051', 'ANI', '-', '-', '2023-01-01', 4, 1, 1, '2024-04-30 17:05:50', '2024-04-30 17:05:50'),
(279, 'S1052', 'HASBI', '-', '-', '2023-01-01', 10, 1, 1, '2024-04-30 17:05:50', '2024-04-30 17:05:50'),
(280, 'S1053', 'RINGGA PRASETYA', '-', '-', '2023-01-01', 3, 1, 1, '2024-04-30 17:05:50', '2024-04-30 17:05:50'),
(281, 'S1054', 'VIKTALIYA', '-', '-', '2023-01-01', 20, 1, 1, '2024-04-30 17:05:50', '2024-04-30 17:05:50'),
(282, 'S1055', 'AWALUDIN CHOIRUNAS', '-', '-', '2023-01-01', 1, 1, 1, '2024-04-30 17:05:50', '2024-04-30 17:05:50'),
(283, 'S1056', 'SATRIA NUR R', '-', '-', '2023-01-01', 1, 1, 1, '2024-04-30 17:05:50', '2024-04-30 17:05:50'),
(284, 'S1057', 'AJI DAMAR', '-', '-', '2023-01-01', 1, 1, 1, '2024-04-30 17:05:50', '2024-04-30 17:05:50'),
(285, 'S1058', 'DEWI SIANINGSIH (SUNARTO CS)', '-', '-', '2023-01-01', 40, 1, 1, '2024-04-30 17:05:50', '2024-04-30 17:05:50'),
(286, 'S2001', 'SINGGIH TS - KOMP 10 LBR', '-', '-', '2023-01-01', 1, 1, 1, '2024-04-30 17:05:50', '2024-04-30 17:05:50'),
(287, 'S2001', 'EKO R', '-', '-', '2023-01-01', 1, 1, 1, '2024-04-30 17:05:50', '2024-04-30 17:05:50'),
(288, 'S2001', 'M.LUTFI', '-', '-', '2023-01-01', 2, 1, 1, '2024-04-30 17:05:50', '2024-04-30 17:05:50'),
(289, 'S2001', 'CAHYA', '-', '-', '2023-01-01', 5, 1, 1, '2024-04-30 17:05:50', '2024-04-30 17:05:50'),
(290, 'S2001', 'PADANG', '-', '-', '2023-01-01', 2, 1, 1, '2024-04-30 17:05:50', '2024-04-30 17:05:50'),
(291, 'S2001', 'IKANG', '-', '-', '2023-01-01', 2, 1, 1, '2024-04-30 17:05:50', '2024-04-30 17:05:50'),
(292, 'S2001', 'RAMADHAN', '-', '-', '2023-01-01', 2, 1, 1, '2024-04-30 17:05:50', '2024-04-30 17:05:50'),
(293, 'S2001', 'VIANA SYAFIRA', '-', '-', '2023-01-01', 1, 1, 1, '2024-04-30 17:05:50', '2024-04-30 17:05:50'),
(294, 'S2002', 'SUTIKNO', '-', '-', '2023-01-01', 5, 1, 1, '2024-04-30 17:05:50', '2024-04-30 17:05:50'),
(295, 'S2002', 'SUTINI', '-', '-', '2023-01-01', 7, 1, 1, '2024-04-30 17:05:50', '2024-04-30 17:05:50'),
(296, 'S2002', 'AGIH H', '-', '-', '2023-01-01', 4, 1, 1, '2024-04-30 17:05:50', '2024-04-30 17:05:50'),
(297, 'S2002', 'LULUK HA', '-', '-', '2023-01-01', 5, 1, 1, '2024-04-30 17:05:50', '2024-04-30 17:05:50'),
(298, 'S2002', 'HULUL HM', '-', '-', '2023-01-01', 3, 1, 1, '2024-04-30 17:05:50', '2024-04-30 17:05:50'),
(299, 'S2002', 'MARETA', '-', '-', '2023-01-01', 4, 1, 1, '2024-04-30 17:05:50', '2024-04-30 17:05:50'),
(300, 'S2003', 'TRI YULIANTO', '-', '-', '2023-01-01', 9, 1, 1, '2024-04-30 17:05:50', '2024-04-30 17:05:50'),
(301, 'S2003', 'DEWI NURENI', '-', '-', '2023-01-01', 14, 1, 1, '2024-04-30 17:05:50', '2024-04-30 17:05:50'),
(302, 'S2003', 'M.IKBAR', '-', '-', '2023-01-01', 15, 1, 1, '2024-04-30 17:05:50', '2024-04-30 17:05:50'),
(303, 'S2004', 'SHOLIKUN', '-', '-', '2023-01-01', 2, 1, 1, '2024-04-30 17:05:50', '2024-04-30 17:05:50'),
(304, 'S2004', 'WASILAH', '-', '-', '2023-01-01', 2, 1, 1, '2024-04-30 17:05:50', '2024-04-30 17:05:50'),
(305, 'S2004', 'LELI A', '-', '-', '2023-01-01', 2, 1, 1, '2024-04-30 17:05:50', '2024-04-30 17:05:50'),
(306, 'S2004', 'YESI NM', '-', '-', '2023-01-01', 1, 1, 1, '2024-04-30 17:05:50', '2024-04-30 17:05:50'),
(307, 'S2004', 'MUFID AB', '-', '-', '2023-01-01', 1, 1, 1, '2024-04-30 17:05:50', '2024-04-30 17:05:50'),
(308, 'S2004', 'MARSELA W', '-', '-', '2023-01-01', 1, 1, 1, '2024-04-30 17:05:50', '2024-04-30 17:05:50'),
(309, 'S2005', 'RUSMIN', '-', '-', '2023-01-01', 1, 1, 1, '2024-04-30 17:05:50', '2024-04-30 17:05:50'),
(310, 'S2005', 'SRI WAHYUNI', '-', '-', '2023-01-01', 2, 1, 1, '2024-04-30 17:05:50', '2024-04-30 17:05:50'),
(311, 'S2006', 'SUROTO', '-', '-', '2023-01-01', 11, 1, 1, '2024-04-30 17:05:50', '2024-04-30 17:05:50'),
(312, 'S2006', 'KHASANAH', '-', '-', '2023-01-01', 1, 1, 1, '2024-04-30 17:05:50', '2024-04-30 17:05:50'),
(313, 'S2006', 'TOPIK', '-', '-', '2023-01-01', 1, 1, 1, '2024-04-30 17:05:50', '2024-04-30 17:05:50'),
(314, 'S2006', 'ROBERT INFANTRI', '-', '-', '2023-01-01', 1, 1, 1, '2024-04-30 17:05:50', '2024-04-30 17:05:50'),
(315, 'S2006', 'IDRIS', '-', '-', '2023-01-01', 1, 1, 1, '2024-04-30 17:05:50', '2024-04-30 17:05:50'),
(316, 'S2007', 'SUYATNO', '-', '-', '2023-01-01', 1, 1, 1, '2024-04-30 17:05:50', '2024-04-30 17:05:50'),
(317, 'S2007', 'SAMINAH', '-', '-', '2023-01-01', 1, 1, 1, '2024-04-30 17:05:50', '2024-04-30 17:05:50'),
(318, 'S2007', 'AGUNG S', '-', '-', '2023-01-01', 1, 1, 1, '2024-04-30 17:05:50', '2024-04-30 17:05:50'),
(319, 'S2007', 'ANTON S', '-', '-', '2023-01-01', 1, 1, 1, '2024-04-30 17:05:50', '2024-04-30 17:05:50'),
(320, 'S2008', 'PRAWOTO', '-', '-', '2023-01-01', 36, 1, 1, '2024-04-30 17:05:50', '2024-04-30 17:05:50'),
(321, 'S2008', 'PARTINI', '-', '-', '2023-01-01', 1, 1, 1, '2024-04-30 17:05:50', '2024-04-30 17:05:50'),
(322, 'S2008', 'NISA N', '-', '-', '2023-01-01', 1, 1, 1, '2024-04-30 17:05:50', '2024-04-30 17:05:50'),
(323, 'S2008', 'KHOIRUL', '-', '-', '2023-01-01', 1, 1, 1, '2024-04-30 17:05:50', '2024-04-30 17:05:50'),
(324, 'S2009', 'H.SANIMIN - AHLI WARIS', '-', '-', '2023-01-01', 120, 1, 1, '2024-04-30 17:05:50', '2024-04-30 17:05:50'),
(325, 'S2009', 'KARSI', '-', '-', '2023-01-01', 11, 1, 1, '2024-04-30 17:05:50', '2024-04-30 17:05:50'),
(326, 'S2009', 'MOHAMMAD', '-', '-', '2023-01-01', 5, 1, 1, '2024-04-30 17:05:50', '2024-04-30 17:05:50'),
(327, 'S2009', 'TRI YULI', '-', '-', '2023-01-01', 6, 1, 1, '2024-04-30 17:05:50', '2024-04-30 17:05:50'),
(328, 'S2010', 'MUNJAMIL', '-', '-', '2023-01-01', 1, 1, 1, '2024-04-30 17:05:50', '2024-04-30 17:05:50'),
(329, 'S2010', 'JAMILAH', '-', '-', '2023-01-01', 1, 1, 1, '2024-04-30 17:05:50', '2024-04-30 17:05:50'),
(330, 'S2011', 'JAMILAH', '-', '-', '2023-01-01', 1, 1, 1, '2024-04-30 17:05:50', '2024-04-30 17:05:50'),
(331, 'S2012', 'YULIANTO', '-', '-', '2023-01-01', 3, 1, 1, '2024-04-30 17:05:50', '2024-04-30 17:05:50'),
(332, 'S2013', 'FAHMI AL KHAUDI', '-', '-', '2023-01-01', 2, 1, 1, '2024-04-30 17:05:50', '2024-04-30 17:05:50'),
(333, 'S2014', 'WAHYUDI', '-', '-', '2023-01-01', 1, 1, 1, '2024-04-30 17:05:50', '2024-04-30 17:05:50'),
(334, 'BR001', 'H.SAMSU BUDIHARJO-KOMP 50 LBR', 'jl kecipir timur 14 RT 02/RW 1', '085601131600', '2023-01-01', 15, 1, 1, '2024-04-30 17:05:50', '2024-05-07 12:03:16'),
(335, 'BR001', 'DEMININGSIH', 'Beringin', '08956XXXXXXX', '2023-01-01', 10, 1, 1, '2024-04-30 17:05:50', '2024-04-30 17:05:50'),
(336, 'BR002', 'KEL.H.BUDI S', 'Jl.Beringin Asri III 769 RT3 R', '087837125790', '2023-01-01', 297, 1, 1, '2024-04-30 17:05:50', '2024-05-07 11:58:46'),
(337, 'BR003', 'TUGIONO', 'Beringin', '-', '2023-01-01', 2, 1, 1, '2024-04-30 17:05:50', '2024-04-30 17:05:50'),
(338, 'BR003', 'SRI WAHYUNI', '-', '-', '2023-01-01', 1, 1, 1, '2024-04-30 17:05:50', '2024-04-30 17:05:50'),
(339, 'BR004', 'ANDI TRIONO', 'Wonosari RT03/RW14 Wonosari Ng', '+62815-5158-453', '2023-01-01', 5, 1, 1, '2024-04-30 17:05:50', '2024-05-07 11:59:40'),
(340, 'BR004', 'ENI SURYANI', '-', '-', '2023-01-01', 5, 1, 1, '2024-04-30 17:05:50', '2024-04-30 17:05:50'),
(341, 'BR004', 'KIRANA AMIRA FIRISTA', '-', '-', '2023-01-01', 5, 1, 1, '2024-04-30 17:05:50', '2024-04-30 17:05:50'),
(342, 'BR004', 'NAFISA YUMMA FITRIANI', '-', '-', '2023-01-01', 5, 1, 1, '2024-04-30 17:05:50', '2024-04-30 17:05:50'),
(343, 'BR005', 'MUH ASHARI (5)', '-', '-', '2023-01-01', 10, 1, 1, '2024-04-30 17:05:50', '2024-04-30 17:05:50'),
(344, 'BR005', 'NUR AINI', '-', '-', '2023-01-01', 1, 1, 1, '2024-04-30 17:05:50', '2024-04-30 17:05:50'),
(345, 'BR006', 'RUDIYANTO', 'Griya beringin asri blok D no ', '082338363679', '2023-01-01', 5, 1, 1, '2024-04-30 17:05:50', '2024-05-07 12:05:01'),
(346, 'BR007', 'DANIATI', '-', '-', '2023-01-01', 10, 1, 1, '2024-04-30 17:05:50', '2024-04-30 17:05:50'),
(347, 'BR008', 'RIYADI', 'jl bringin asri III rt04 rw 11', '081225675325', '2023-01-01', 1, 1, 1, '2024-04-30 17:05:50', '2024-05-07 12:04:01'),
(348, 'BR008', 'SUNARTI', '-', '-', '2023-01-01', 1, 1, 1, '2024-04-30 17:05:50', '2024-04-30 17:05:50'),
(349, 'BR008', 'LAUGFI AZIZI', '-', '-', '2023-01-01', 2, 1, 1, '2024-04-30 17:05:50', '2024-04-30 17:05:50'),
(350, 'BR008', 'NOVEICA AGNIA', '-', '-', '2023-01-01', 2, 1, 1, '2024-04-30 17:05:50', '2024-04-30 17:05:50'),
(351, 'BR008', 'ARBITA ROSYIDA', '-', '-', '2023-01-01', 1, 1, 1, '2024-04-30 17:05:50', '2024-04-30 17:05:50'),
(352, 'BR009', 'AMIRUDIN', 'jl palir asri 2 rt 01 rw 11 po', '087735378174', '2023-01-01', 20, 1, 1, '2024-04-30 17:05:50', '2024-05-07 12:02:03'),
(353, 'BR010', 'DEVI', '-', '-', '2023-01-01', 5, 1, 1, '2024-04-30 17:05:50', '2024-04-30 17:05:50'),
(354, 'BR011', 'RIFAI', 'jln Palir asri raya c240', '085229720313', '2023-01-01', 5, 1, 1, '2024-04-30 17:05:50', '2024-05-07 12:00:29'),
(355, 'BR012', 'USWATUN GALIH', 'Beringin Asri RT04/RW12 Wonosa', '085975207315', '2023-01-01', 5, 1, 1, '2024-04-30 17:05:50', '2024-05-07 12:06:07'),
(356, 'TL001', 'SADIYO', '-', '-', '2023-01-01', 13, 1, 1, '2024-04-30 17:05:50', '2024-04-30 17:05:50'),
(357, 'TL001', 'RUKIYEM', '-', '-', '2023-01-01', 1, 1, 1, '2024-04-30 17:05:50', '2024-04-30 17:05:50'),
(358, 'TL002', 'SUPARNO', '-', '-', '2023-01-01', 1, 1, 1, '2024-04-30 17:05:50', '2024-04-30 17:05:50'),
(359, 'TL002', 'KUSBUDIATI', '-', '-', '2023-01-01', 2, 1, 1, '2024-04-30 17:05:50', '2024-04-30 17:05:50'),
(360, 'TL003', 'DALIJO ALM - AHLI WARIS', '-', '-', '2023-01-01', 25, 1, 1, '2024-04-30 17:05:50', '2024-04-30 17:05:50'),
(361, 'TL003', 'SUPRINI', '-', '-', '2023-01-01', 6, 1, 1, '2024-04-30 17:05:50', '2024-04-30 17:05:50'),
(362, 'TL003', 'ANDHEN PRIYONO', '-', '-', '2023-01-01', 3, 1, 1, '2024-04-30 17:05:50', '2024-04-30 17:05:50'),
(363, 'TL004', 'NGADIMIN', '-', '-', '2023-01-01', 8, 1, 1, '2024-04-30 17:05:50', '2024-04-30 17:05:50'),
(364, 'TL004', 'RAKIYEM', '-', '-', '2023-01-01', 8, 1, 1, '2024-04-30 17:05:50', '2024-04-30 17:05:50'),
(365, 'TL004', 'DWI HIDAYATI', '-', '-', '2023-01-01', 1, 1, 1, '2024-04-30 17:05:50', '2024-04-30 17:05:50'),
(366, 'TL005', 'ARIF SAIFUDIN', 'Puncak Sari RT 8 RW 13,Tambak ', '081326481262', '2023-01-01', 3, 1, 1, '2024-04-30 17:05:50', '2024-05-07 08:54:44'),
(367, 'TL005', 'MURNI SARI', '-', '-', '2023-01-01', 2, 1, 1, '2024-04-30 17:05:50', '2024-04-30 17:05:50'),
(368, 'TL006', 'HARYANTO', '-', '-', '2023-01-01', 4, 1, 1, '2024-04-30 17:05:50', '2024-04-30 17:05:50'),
(369, 'TL006', 'DIAH ALM - AHLI WARIS', '-', '-', '2023-01-01', 4, 1, 1, '2024-04-30 17:05:50', '2024-04-30 17:05:50'),
(370, 'TL006', 'ANISA SAKINATA', '-', '-', '2023-01-01', 2, 1, 1, '2024-04-30 17:05:50', '2024-04-30 17:05:50'),
(371, 'TL007', 'TUMAR +1', 'Puncak Sari RT 1 RW 13,Tambak ', '082133930441', '2023-01-01', 13, 1, 1, '2024-04-30 17:05:50', '2024-05-07 08:55:31'),
(372, 'TL007', 'SRI JUARIYAH', '-', '-', '2023-01-01', 1, 1, 1, '2024-04-30 17:05:50', '2024-04-30 17:05:50'),
(373, 'TL008', 'WINARTI', '-', '-', '2023-01-01', 1, 1, 1, '2024-04-30 17:05:50', '2024-04-30 17:05:50'),
(374, 'TL008', 'ARIS NUR WIBOWO', '-', '-', '2023-01-01', 1, 1, 1, '2024-04-30 17:05:50', '2024-04-30 17:05:50'),
(375, 'TL009', 'SADI', 'Puncak Sari RT 1 RW 13,Tambak ', '088215266096', '2023-01-01', 42, 1, 1, '2024-04-30 17:05:50', '2024-05-07 08:57:41'),
(376, 'TL009', 'MASRUFAH', '-', '-', '2023-01-01', 3, 1, 1, '2024-04-30 17:05:50', '2024-04-30 17:05:50'),
(377, 'TL009', 'IKA NUR FADILA', '-', '-', '2023-01-01', 1, 1, 1, '2024-04-30 17:05:50', '2024-04-30 17:05:50'),
(378, 'TL009', 'NURUL T.ROSIDAH', '-', '-', '2023-01-01', 1, 1, 1, '2024-04-30 17:05:50', '2024-04-30 17:05:50'),
(379, 'TL009', 'SITI MARFUAH', '-', '-', '2023-01-01', 1, 1, 1, '2024-04-30 17:05:50', '2024-04-30 17:05:50'),
(380, 'TL009', 'LAILI NUR HIDAYATI', '-', '-', '2023-01-01', 1, 1, 1, '2024-04-30 17:05:50', '2024-04-30 17:05:50'),
(381, 'TL010', 'SUBANDI', 'Puncak Sari RT 1 RW 13,Tambak ', '081542286354', '2023-01-01', 43, 1, 1, '2024-04-30 17:05:50', '2024-05-07 08:56:50'),
(382, 'TL010', 'SOLEKHAH', '-', '-', '2023-01-01', 4, 1, 1, '2024-04-30 17:05:50', '2024-04-30 17:05:50'),
(383, 'TL010', 'FITA', '-', '-', '2023-01-01', 2, 1, 1, '2024-04-30 17:05:50', '2024-04-30 17:05:50'),
(384, 'TL010', 'DAVID', '-', '-', '2023-01-01', 4, 1, 1, '2024-04-30 17:05:50', '2024-04-30 17:05:50'),
(385, 'TL010', 'FARID', '-', '-', '2023-01-01', 4, 1, 1, '2024-04-30 17:05:50', '2024-04-30 17:05:50'),
(386, 'TL010', 'DIAN NUR LATIFAH', '-', '-', '2023-01-01', 2, 1, 1, '2024-04-30 17:05:50', '2024-04-30 17:05:50'),
(387, 'TL010', 'VIKI BRAVO', '-', '-', '2023-01-01', 2, 1, 1, '2024-04-30 17:05:50', '2024-04-30 17:05:50'),
(388, 'TL011', 'GIANTO', '-', '-', '2023-01-01', 2, 1, 1, '2024-04-30 17:05:50', '2024-04-30 17:05:50'),
(389, 'TL012', 'SUGIYANTO', '-', '-', '2023-01-01', 1, 1, 1, '2024-04-30 17:05:50', '2024-04-30 17:05:50'),
(390, 'TL012', 'SUMIYATI', '-', '-', '2023-01-01', 2, 1, 1, '2024-04-30 17:05:50', '2024-04-30 17:05:50'),
(391, 'TL012', 'SITI CHALIMAH', '-', '-', '2023-01-01', 2, 1, 1, '2024-04-30 17:05:50', '2024-04-30 17:05:50'),
(392, 'TL013', 'UMAR HADI', '-', '-', '2023-01-01', 2, 1, 1, '2024-04-30 17:05:50', '2024-04-30 17:05:50'),
(393, 'TL014', 'SLAMET RIYADI', 'Jl.Puncak sari rt 08 rw 13 Tam', '081325167886', '2023-01-01', 10, 1, 1, '2024-04-30 17:05:50', '2024-05-07 22:19:22'),
(394, 'TL014', 'KHULAYAH', '-', '-', '2023-01-01', 3, 1, 1, '2024-04-30 17:05:50', '2024-04-30 17:05:50'),
(395, 'TL014', 'ARDI MAULANA', '-', '-', '2023-01-01', 1, 1, 1, '2024-04-30 17:05:50', '2024-04-30 17:05:50'),
(396, 'TL014', 'FIRDA AGUSTINA', '-', '-', '2023-01-01', 1, 1, 1, '2024-04-30 17:05:50', '2024-04-30 17:05:50'),
(397, 'TL014', 'KELVIN RENDI', '-', '-', '2023-01-01', 1, 1, 1, '2024-04-30 17:05:50', '2024-04-30 17:05:50'),
(398, 'TL015', 'KHUSAERI', 'Puncaksari rt 8 rw 13 tambakaj', '082223969354', '2023-01-01', 13, 1, 1, '2024-04-30 17:05:50', '2024-05-07 08:59:14'),
(399, 'TL015', 'NGATIKEM', '-', '-', '2023-01-01', 2, 1, 1, '2024-04-30 17:05:50', '2024-04-30 17:05:50'),
(400, 'TL016', 'SLAMET RUSTADI', '-', '-', '2023-01-01', 1, 1, 1, '2024-04-30 17:05:50', '2024-04-30 17:05:50'),
(401, 'TL016', 'RANTINAH', '-', '-', '2023-01-01', 1, 1, 1, '2024-04-30 17:05:50', '2024-04-30 17:05:50'),
(402, 'TL017', 'TRI ATMIKO', '-', '-', '2023-01-01', 9, 1, 1, '2024-04-30 17:05:50', '2024-04-30 17:05:50'),
(403, 'TL018', 'FAIZIN', '-', '-', '2023-01-01', 18, 1, 1, '2024-04-30 17:05:50', '2024-04-30 17:05:50'),
(404, 'TL019', 'UMBARA', '-', '-', '2023-01-01', 1, 1, 1, '2024-04-30 17:05:50', '2024-04-30 17:05:50'),
(405, 'TL019', 'USWATUN', '-', '-', '2023-01-01', 1, 1, 1, '2024-04-30 17:05:50', '2024-04-30 17:05:50'),
(406, 'TL019', 'M.MISBAH KHOIRI', '-', '-', '2023-01-01', 1, 1, 1, '2024-04-30 17:05:50', '2024-04-30 17:05:50'),
(407, 'TL020', 'MARYUTI', '-', '-', '2023-01-01', 3, 1, 1, '2024-04-30 17:05:50', '2024-04-30 17:05:50'),
(408, 'TL021', 'SUBANTORO', '-', '-', '2023-01-01', 4, 1, 1, '2024-04-30 17:05:50', '2024-04-30 17:05:50'),
(409, 'TL021', 'SAMILATUN', '-', '-', '2023-01-01', 3, 1, 1, '2024-04-30 17:05:50', '2024-04-30 17:05:50'),
(410, 'TL021', 'SRI WAHYUNINGSIH', '-', '-', '2023-01-01', 2, 1, 1, '2024-04-30 17:05:50', '2024-04-30 17:05:50'),
(411, 'TL022', 'JARNO', '-', '-', '2023-01-01', 12, 1, 1, '2024-04-30 17:05:50', '2024-04-30 17:05:50'),
(412, 'TL022', 'DEWI ROSANTI', '-', '-', '2023-01-01', 2, 1, 1, '2024-04-30 17:05:50', '2024-04-30 17:05:50'),
(413, 'TL022', 'ZUYYIN FITRIANI', '-', '-', '2023-01-01', 1, 1, 1, '2024-04-30 17:05:50', '2024-04-30 17:05:50'),
(414, 'TL023', 'KARSI', '-', '-', '2023-01-01', 25, 1, 1, '2024-04-30 17:05:50', '2024-04-30 17:05:50'),
(415, 'TL023', 'NGATINI', '-', '-', '2023-01-01', 1, 1, 1, '2024-04-30 17:05:50', '2024-04-30 17:05:50'),
(416, 'TL023', 'DEVON ERLANGGA', '-', '-', '2023-01-01', 6, 1, 1, '2024-04-30 17:05:50', '2024-04-30 12:40:30'),
(417, 'TL024', 'FAUZAN', 'Puncak Sari RT 1 RW 13,Tambak ', '085740228690', '2023-01-01', 8, 1, 1, '2024-04-30 17:05:50', '2024-05-07 08:53:22'),
(418, 'TL024', 'DINA PURNAMA', '-', '-', '2023-01-01', 8, 1, 1, '2024-04-30 17:05:50', '2024-04-30 17:05:50'),
(419, 'TL024', 'ZULFAN', '-', '-', '2023-01-01', 5, 1, 1, '2024-04-30 17:05:50', '2024-04-30 17:05:50'),
(420, 'TL025', 'KHOIRUN', '-', '-', '2023-01-01', 2, 1, 1, '2024-04-30 17:05:50', '2024-04-30 17:05:50'),
(421, 'TL025', 'ULFA', '-', '-', '2023-01-01', 2, 1, 1, '2024-04-30 17:05:50', '2024-04-30 17:05:50'),
(422, 'TL025', 'BILKIS', '-', '-', '2023-01-01', 1, 1, 1, '2024-04-30 17:05:50', '2024-04-30 17:05:50'),
(423, 'TL025', 'IBRAHIM', '-', '-', '2023-01-01', 1, 1, 1, '2024-04-30 17:05:50', '2024-04-30 17:05:50'),
(424, 'TL026', 'MARSONO', '-', '-', '2023-01-01', 14, 1, 1, '2024-04-30 17:05:50', '2024-04-30 17:05:50'),
(425, 'TL027', 'TRI LESTARI (TARI)', '-', '-', '2023-01-01', 2, 1, 1, '2024-04-30 17:05:50', '2024-04-30 17:05:50'),
(426, 'TL028', 'ABDUL ROZAK / NGAMTO', '-', '-', '2023-01-01', 31, 1, 1, '2024-04-30 17:05:50', '2024-04-30 17:05:50'),
(427, 'TL028', 'KARSINI', '-', '-', '2023-01-01', 2, 1, 1, '2024-04-30 17:05:50', '2024-04-30 17:05:50'),
(428, 'TL029', 'SONY ARISANDI', '-', '-', '2023-01-01', 4, 1, 1, '2024-04-30 17:05:50', '2024-04-30 17:05:50'),
(429, 'TL029', 'SUMIYATI', '-', '-', '2023-01-01', 7, 1, 1, '2024-04-30 17:05:50', '2024-04-30 17:05:50'),
(430, 'TL029', 'ITA SALSABILA', '-', '-', '2023-01-01', 1, 1, 1, '2024-04-30 17:05:50', '2024-04-30 17:05:50'),
(431, 'TL030', 'KHUSNUN', '-', '-', '2023-01-01', 1, 1, 1, '2024-04-30 17:05:50', '2024-04-30 17:05:50'),
(432, 'TL030', 'SUKARNINGSIH', '-', '-', '2023-01-01', 2, 1, 1, '2024-04-30 17:05:50', '2024-04-30 17:05:50'),
(433, 'TL030', 'AULIA PUTRI AROFAH', '-', '-', '2023-01-01', 1, 1, 1, '2024-04-30 17:05:50', '2024-04-30 17:05:50'),
(434, 'TL030', 'SAHRONI', '-', '-', '2023-01-01', 1, 1, 1, '2024-04-30 17:05:50', '2024-04-30 17:05:50'),
(435, 'TL031', 'JUMADI', '-', '-', '2023-01-01', 5, 1, 1, '2024-04-30 17:05:50', '2024-04-30 17:05:50'),
(436, 'TL032', 'AISAH', '-', '-', '2023-01-01', 1, 1, 1, '2024-04-30 17:05:50', '2024-04-30 17:05:50'),
(437, 'TL033', 'SUKIRAHAYU', '-', '-', '2023-01-01', 5, 1, 1, '2024-04-30 17:05:50', '2024-04-30 17:05:50'),
(438, 'TL034', 'SUKATMIN', '-', '-', '2023-01-01', 1, 1, 1, '2024-04-30 17:05:50', '2024-04-30 17:05:50'),
(439, 'TL034', 'FORA', '-', '-', '2023-01-01', 1, 1, 1, '2024-04-30 17:05:50', '2024-04-30 17:05:50'),
(440, 'TL034', 'MUHYI', '-', '-', '2023-01-01', 3, 1, 1, '2024-04-30 17:05:50', '2024-04-30 17:05:50'),
(441, 'TL035', 'TEGUH WICAKSONO', '-', '-', '2023-01-01', 4, 1, 1, '2024-04-30 17:05:50', '2024-04-30 17:05:50'),
(442, 'TL036', 'SUWARNO', '-', '-', '2023-01-01', 3, 1, 1, '2024-04-30 17:05:50', '2024-04-30 17:05:50'),
(443, 'TL037', 'JONI', '-', '-', '2023-01-01', 4, 1, 1, '2024-04-30 17:05:50', '2024-04-30 17:05:50'),
(444, 'TL037', 'MARYATI', '-', '-', '2023-01-01', 1, 1, 1, '2024-04-30 17:05:50', '2024-04-30 17:05:50'),
(445, 'TL037', 'SUKMA', '-', '-', '2023-01-01', 1, 1, 1, '2024-04-30 17:05:50', '2024-04-30 17:05:50'),
(446, 'TL037', 'RAGA', '-', '-', '2023-01-01', 1, 1, 1, '2024-04-30 17:05:50', '2024-04-30 17:05:50'),
(447, 'TL038', 'YUDHA PRASETYO', '-', '-', '2023-01-01', 2, 1, 1, '2024-04-30 17:05:50', '2024-04-30 17:05:50'),
(448, 'TL039', 'ANI LUSIANA', '-', '-', '2023-01-01', 2, 1, 1, '2024-04-30 17:05:50', '2024-04-30 17:05:50'),
(449, 'TL040', 'SANYOTO', '-', '-', '2023-01-01', 50, 1, 1, '2024-04-30 17:05:50', '2024-04-30 17:05:50'),
(450, 'TL040', 'NINING', '-', '-', '2023-01-01', 10, 1, 1, '2024-04-30 17:05:50', '2024-04-30 17:05:50'),
(451, 'TL042', 'DARSI', '-', '-', '2023-01-01', 3, 1, 1, '2024-04-30 17:05:50', '2024-04-30 17:05:50'),
(452, 'TL043', 'HM YENI', '-', '-', '2023-01-01', 106, 1, 1, '2024-04-30 17:05:50', '2024-04-30 17:05:50'),
(453, 'TL043', 'SRI RAHAYU', '-', '-', '2023-01-01', 5, 1, 1, '2024-04-30 17:05:50', '2024-04-30 17:05:50'),
(454, 'TL044', 'H.YUNUS', '-', '-', '2023-01-01', 38, 1, 1, '2024-04-30 17:05:50', '2024-04-30 17:05:50'),
(455, 'TL044', 'ALEX', '-', '-', '2023-01-01', 2, 1, 1, '2024-04-30 17:05:50', '2024-04-30 17:05:50'),
(456, 'TL045', 'HARI PRANOTO', '-', '-', '2023-01-01', 2, 1, 1, '2024-04-30 17:05:50', '2024-04-30 17:05:50'),
(457, 'TL045', 'DWI HIDAYATI', '-', '-', '2023-01-01', 2, 1, 1, '2024-04-30 17:05:50', '2024-04-30 17:05:50'),
(458, 'TL045', 'DERIS HAFIDDIN', '-', '-', '2023-01-01', 6, 1, 1, '2024-04-30 17:05:50', '2024-04-30 17:05:50');
INSERT INTO `saham_anggota` (`id`, `no_kk`, `nama`, `alamat`, `hp`, `tgl_join`, `jml_saham`, `id_tipe`, `id_status`, `created_at`, `updated_at`) VALUES
(459, 'TL046', 'SANURI', '-', '-', '2023-01-01', 1, 1, 1, '2024-04-30 17:05:50', '2024-04-30 17:05:50'),
(460, 'TL046', 'MUNTAKIAH', '-', '-', '2023-01-01', 1, 1, 1, '2024-04-30 17:05:50', '2024-04-30 17:05:50'),
(461, 'TL047', 'ROHMIYATUN', '-', '-', '2023-01-01', 1, 1, 1, '2024-04-30 17:05:50', '2024-04-30 17:05:50'),
(462, 'TL047', 'SUSILO', '-', '-', '2023-01-01', 1, 1, 1, '2024-04-30 17:05:50', '2024-04-30 17:05:50'),
(463, 'TR001', 'SUNARTO', '-', '-', '2023-01-01', 2, 1, 1, '2024-04-30 17:05:50', '2024-04-30 17:05:50'),
(464, 'TR001', 'SUDARMI', '-', '-', '2023-01-01', 3, 1, 1, '2024-04-30 17:05:50', '2024-04-30 17:05:50'),
(465, 'TR001', 'NUR CHOLIS', '-', '-', '2023-01-01', 4, 1, 1, '2024-04-30 17:05:50', '2024-04-30 17:05:50'),
(466, 'TR002', 'SARMIN +1', '-', '-', '2023-01-01', 14, 1, 1, '2024-04-30 17:05:50', '2024-04-30 17:05:50'),
(467, 'TR002', 'JUMIATI', '-', '-', '2023-01-01', 3, 1, 1, '2024-04-30 17:05:50', '2024-04-30 17:05:50'),
(468, 'TR002', 'ABANG F', '-', '-', '2023-01-01', 3, 1, 1, '2024-04-30 17:05:50', '2024-04-30 17:05:50'),
(469, 'TR002', 'ANIP SETIAWAN', '-', '-', '2023-01-01', 2, 1, 1, '2024-04-30 17:05:50', '2024-04-30 17:05:50'),
(470, 'TR002', 'ARDINA', '-', '-', '2023-01-01', 1, 1, 1, '2024-04-30 17:05:50', '2024-04-30 17:05:50'),
(471, 'TR003', 'SUDARNO', 'tapak Tugurejo RT 03 RW 03 Kec', '081575383529', '2023-01-01', 4, 1, 1, '2024-04-30 17:05:50', '2024-05-07 08:23:18'),
(472, 'TR003', 'SRI RUHENI', '-', '-', '2023-01-01', 1, 1, 1, '2024-04-30 17:05:50', '2024-04-30 17:05:50'),
(473, 'TR003', 'RIKA', '-', '-', '2023-01-01', 1, 1, 1, '2024-04-30 17:05:50', '2024-04-30 17:05:50'),
(474, 'TR003', 'AINUN RAHMAWATI', '-', '-', '2023-01-01', 3, 1, 1, '2024-04-30 17:05:50', '2024-04-30 17:05:50'),
(475, 'TR004', 'NURTO', '-', '-', '2023-01-01', 1, 1, 1, '2024-04-30 17:05:50', '2024-04-30 17:05:50'),
(476, 'TR004', 'NUR KHASANAH', '-', '-', '2023-01-01', 1, 1, 1, '2024-04-30 17:05:50', '2024-04-30 17:05:50'),
(477, 'TR005', 'SUGIYONO', 'Tambakaji No.14 Rt 7/1  Ngaliy', '085641666037', '2023-01-01', 5, 1, 1, '2024-04-30 17:05:50', '2024-05-07 08:31:00'),
(478, 'TR005', 'SRI WANTINI', '-', '-', '2023-01-01', 1, 1, 1, '2024-04-30 17:05:50', '2024-04-30 17:05:50'),
(479, 'TR006', 'HERMAN', '-', '-', '2023-01-01', 1, 1, 1, '2024-04-30 17:05:50', '2024-04-30 17:05:50'),
(480, 'TR006', 'MUNJAYAH', '-', '-', '2023-01-01', 1, 1, 1, '2024-04-30 17:05:50', '2024-04-30 17:05:50'),
(481, 'TR007', 'MULANI', '-', '-', '2023-01-01', 20, 1, 1, '2024-04-30 17:05:50', '2024-04-30 17:05:50'),
(482, 'TR007', 'TRANSMINAH', '-', '-', '2023-01-01', 12, 1, 1, '2024-04-30 17:05:50', '2024-04-30 17:05:50'),
(483, 'TR008', 'ROCHMAD', 'Tugurejo RT03 RW03 Tugu Semara', '08882415848', '2023-01-01', 2, 1, 1, '2024-04-30 17:05:50', '2024-05-07 08:29:37'),
(484, 'TR008', 'RATNA DEWI +5', '-', '-', '2023-01-01', 6, 1, 1, '2024-04-30 17:05:50', '2024-04-30 17:05:50'),
(485, 'TR008', 'VINO MAREITO YUSFIR', '-', '-', '2023-01-01', 1, 1, 1, '2024-04-30 17:05:51', '2024-04-30 17:05:51'),
(486, 'TR009', 'SUKENDAR', '-', '-', '2023-01-01', 13, 1, 1, '2024-04-30 17:05:51', '2024-04-30 17:05:51'),
(487, 'TR009', 'NUR FATIMAH', '-', '-', '2023-01-01', 2, 1, 1, '2024-04-30 17:05:51', '2024-04-30 17:05:51'),
(488, 'TR010', 'SAPUTRO', '-', '-', '2023-01-01', 2, 1, 1, '2024-04-30 17:05:51', '2024-04-30 17:05:51'),
(489, 'TR010', 'RIWIYATI', '-', '-', '2023-01-01', 2, 1, 1, '2024-04-30 17:05:51', '2024-04-30 17:05:51'),
(490, 'TR010', 'SRI WANTINI', '-', '-', '2023-01-01', 1, 1, 1, '2024-04-30 17:05:51', '2024-04-30 17:05:51'),
(491, 'TR010', 'RIKA NURJANAH', '-', '-', '2023-01-01', 1, 1, 1, '2024-04-30 17:05:51', '2024-04-30 17:05:51'),
(492, 'TR011', 'DENI WIJAYANTI', '-', '-', '2023-01-01', 10, 1, 1, '2024-04-30 17:05:51', '2024-04-30 17:05:51'),
(493, 'TR012', 'ROCHMI', '-', '-', '2023-01-01', 5, 1, 1, '2024-04-30 17:05:51', '2024-04-30 17:05:51'),
(494, 'N1001', 'H.TONI SUBRATA', '-', '-', '2023-01-01', 220, 1, 1, '2024-04-30 17:05:51', '2024-04-30 17:05:51'),
(495, 'N1001', 'HJ.NANI R', '-', '-', '2023-01-01', 10, 1, 1, '2024-04-30 17:05:51', '2024-04-30 17:05:51'),
(496, 'N1001', 'SUGENG LEGOWO', '-', '-', '2023-01-01', 11, 1, 1, '2024-04-30 17:05:51', '2024-04-30 17:05:51'),
(497, 'N1001', 'BASKORO GUMILAR', '-', '-', '2023-01-01', 1, 1, 1, '2024-04-30 17:05:51', '2024-04-30 17:05:51'),
(498, 'N1001', 'RATNA HAPSARI', '-', '-', '2023-01-01', 1, 1, 1, '2024-04-30 17:05:51', '2024-04-30 17:05:51'),
(499, 'N1001', 'KEMAL ABDUL AZIZ', '-', '-', '2023-01-01', 1, 1, 1, '2024-04-30 17:05:51', '2024-04-30 17:05:51'),
(500, 'N1002', 'ENDANG WAHYUNINGSIH', '-', '-', '2023-01-01', 37, 1, 1, '2024-04-30 17:05:51', '2024-04-30 17:05:51'),
(501, 'N1003', 'SUBASTIAN SUBRATA', '-', '-', '2023-01-01', 22, 1, 1, '2024-04-30 17:05:51', '2024-04-30 17:05:51'),
(502, 'N1003', 'LITHA NURCAHYANI', '-', '-', '2023-01-01', 21, 1, 1, '2024-04-30 17:05:51', '2024-04-30 17:05:51'),
(503, 'N1003', 'NAURA AYUMI ARISTYA H', '-', '-', '2023-01-01', 10, 1, 1, '2024-04-30 17:05:51', '2024-04-30 17:05:51'),
(504, 'N1003', 'MARITSA KANSA FAUSIAH', '-', '-', '2023-01-01', 10, 1, 1, '2024-04-30 17:05:51', '2024-04-30 17:05:51'),
(505, 'N1004', 'PRABOWO NURHADI', '-', '-', '2023-01-01', 30, 1, 1, '2024-04-30 17:05:51', '2024-04-30 17:05:51'),
(506, 'N1004', 'OCTAVIA TREESTIYANTI', '-', '-', '2023-01-01', 15, 1, 1, '2024-04-30 17:05:51', '2024-04-30 17:05:51'),
(507, 'N1005', 'HJ. SRI YULIANTI', '-', '-', '2023-01-01', 6, 1, 1, '2024-04-30 17:05:51', '2024-04-30 17:05:51'),
(508, 'N1005', 'MUH YUKO', '-', '-', '2023-01-01', 4, 1, 1, '2024-04-30 17:05:51', '2024-04-30 17:05:51'),
(509, 'N1005', 'MUH GOVVARIKO', '-', '-', '2023-01-01', 4, 1, 1, '2024-04-30 17:05:51', '2024-04-30 17:05:51'),
(510, 'N1005', 'FAUZI ABDUL AZIS', '-', '-', '2023-01-01', 4, 1, 1, '2024-04-30 17:05:51', '2024-04-30 17:05:51'),
(511, 'N1006', 'BUDIONO', '-', '-', '2023-01-01', 6, 1, 1, '2024-04-30 17:05:51', '2024-04-30 17:05:51'),
(512, 'N1006', 'DWI SETYO', '-', '-', '2023-01-01', 1, 1, 1, '2024-04-30 17:05:51', '2024-04-30 17:05:51'),
(513, 'N1006', 'SELY NUR RIZKI', '-', '-', '2023-01-01', 1, 1, 1, '2024-04-30 17:05:51', '2024-04-30 17:05:51'),
(514, 'N1006', 'NOVIAN', '-', '-', '2023-01-01', 1, 1, 1, '2024-04-30 17:05:51', '2024-04-30 17:05:51'),
(515, 'N1006', 'FAHRUL', '-', '-', '2023-01-01', 1, 1, 1, '2024-04-30 17:05:51', '2024-04-30 17:05:51'),
(516, 'N1007', 'SUDARYANTO', '-', '-', '2023-01-01', 7, 1, 1, '2024-04-30 17:05:51', '2024-04-30 17:05:51'),
(517, 'N1007', 'NIA SOFITA', '-', '-', '2023-01-01', 3, 1, 1, '2024-04-30 17:05:51', '2024-04-30 17:05:51'),
(518, 'N1007', 'RANGGA DANIAZKA', '-', '-', '2023-01-01', 1, 1, 1, '2024-04-30 17:05:51', '2024-04-30 17:05:51'),
(519, 'N1007', 'DINDA NIAR RAMADHANI', '-', '-', '2023-01-01', 1, 1, 1, '2024-04-30 17:05:51', '2024-04-30 17:05:51'),
(520, 'N1007', 'BRIAN NUR ROZAK', '-', '-', '2023-01-01', 1, 1, 1, '2024-04-30 17:05:51', '2024-04-30 17:05:51'),
(521, 'N1007', 'FERDI RIAN INDRIAWAN', '-', '-', '2023-01-01', 1, 1, 1, '2024-04-30 17:05:51', '2024-04-30 17:05:51'),
(522, 'N1008', 'HERIWANTO', '-', '-', '2023-01-01', 24, 1, 1, '2024-04-30 17:05:51', '2024-04-30 17:05:51'),
(523, 'N1008', 'TATI SUMIARSIH', '-', '-', '2023-01-01', 1, 1, 1, '2024-04-30 17:05:51', '2024-04-30 17:05:51'),
(524, 'N1008', 'DANDY DINATA', '-', '-', '2023-01-01', 2, 1, 1, '2024-04-30 17:05:51', '2024-04-30 17:05:51'),
(525, 'N1008', 'NUR AFFI ASR', '-', '-', '2023-01-01', 2, 1, 1, '2024-04-30 17:05:51', '2024-04-30 17:05:51'),
(526, 'N1008', 'FADHLY ADN.', '-', '-', '2023-01-01', 1, 1, 1, '2024-04-30 17:05:51', '2024-04-30 17:05:51'),
(527, 'N1009', 'IMAM MUHTAROM', '-', '-', '2023-01-01', 2, 1, 1, '2024-04-30 17:05:51', '2024-04-30 17:05:51'),
(528, 'N1009', 'MUNJAYANAH', '-', '-', '2023-01-01', 2, 1, 1, '2024-04-30 17:05:51', '2024-04-30 17:05:51'),
(529, 'N1009', 'YUSRIFAR IMAM HARITSAH', '-', '-', '2023-01-01', 2, 1, 1, '2024-04-30 17:05:51', '2024-04-30 17:05:51'),
(530, 'N1009', 'FADHIL IMAM KURNIA', '-', '-', '2023-01-01', 2, 1, 1, '2024-04-30 17:05:51', '2024-04-30 17:05:51'),
(531, 'N1009', 'ADYAKSA', '-', '-', '2023-01-01', 2, 1, 1, '2024-04-30 17:05:51', '2024-04-30 17:05:51'),
(532, 'N1009', 'HAIKAL IMAM RIDHA', '-', '-', '2023-01-01', 2, 1, 1, '2024-04-30 17:05:51', '2024-04-30 17:05:51'),
(533, 'N1010', 'SUNARKO - KOMP.75 LBR', 'Karonsih Selatan No. 615 RT 00', '081225058797', '2023-01-01', 31, 1, 1, '2024-04-30 17:05:51', '2024-05-07 11:51:13'),
(534, 'N1010', 'BAYU LESTARI', '-', '-', '2023-01-01', 1, 1, 1, '2024-04-30 17:05:51', '2024-04-30 17:05:51'),
(535, 'N1010', 'ARIF WICAKSONO', '-', '-', '2023-01-01', 1, 1, 1, '2024-04-30 17:05:51', '2024-04-30 17:05:51'),
(536, 'N1010', 'BARKAH WIBOWO', '-', '-', '2023-01-01', 1, 1, 1, '2024-04-30 17:05:51', '2024-04-30 17:05:51'),
(537, 'N1010', 'CAHYANING DIN UTAMI', '-', '-', '2023-01-01', 1, 1, 1, '2024-04-30 17:05:51', '2024-04-30 17:05:51'),
(538, 'N1011', 'SUWARNI+ ALM SUWARDI', '-', '-', '2023-01-01', 2, 1, 1, '2024-04-30 17:05:51', '2024-04-30 17:05:51'),
(539, 'N1012', 'DR.AGUS SUPRIYONO', '-', '-', '2023-01-01', 34, 1, 1, '2024-04-30 17:05:51', '2024-04-30 17:05:51'),
(540, 'N1012', 'NAWA CANDRARINI', '-', '-', '2023-01-01', 2, 1, 1, '2024-04-30 17:05:51', '2024-04-30 17:05:51'),
(541, 'N1012', 'IRA KUSUMAWATI', '-', '-', '2023-01-01', 2, 1, 1, '2024-04-30 17:05:51', '2024-04-30 17:05:51'),
(542, 'N1012', 'SETA NUGROHO', '-', '-', '2023-01-01', 2, 1, 1, '2024-04-30 17:05:51', '2024-04-30 17:05:51'),
(543, 'N1012', 'MISKEL', '-', '-', '2023-01-01', 2, 1, 1, '2024-04-30 17:05:51', '2024-04-30 17:05:51'),
(544, 'N1013', 'SUNYOTO', '-', '-', '2023-01-01', 6, 1, 1, '2024-04-30 17:05:51', '2024-04-30 17:05:51'),
(545, 'N1013', 'NURUL HANDAYANI', '-', '-', '2023-01-01', 1, 1, 1, '2024-04-30 17:05:51', '2024-04-30 17:05:51'),
(546, 'N1013', 'PUTRI HUSNA', '-', '-', '2023-01-01', 5, 1, 1, '2024-04-30 17:05:51', '2024-04-30 17:05:51'),
(547, 'N1013', 'PUTRI NAERA RAHMDINI', '-', '-', '2023-01-01', 5, 1, 1, '2024-04-30 17:05:51', '2024-04-30 17:05:51'),
(548, 'N1015', 'NUR SHODIQ', '-', '-', '2023-01-01', 10, 1, 1, '2024-04-30 17:05:52', '2024-04-30 17:05:52'),
(549, 'N1015', 'PURWANTI', '-', '-', '2023-01-01', 20, 1, 1, '2024-04-30 17:05:52', '2024-04-30 17:05:52'),
(550, 'N1015', 'FINA ROICHANA IKHSANI', '-', '-', '2023-01-01', 5, 1, 1, '2024-04-30 17:05:53', '2024-04-30 17:05:53'),
(551, 'N1015', 'ISNAINI NUR SOFIATI', '-', '-', '2023-01-01', 5, 1, 1, '2024-04-30 17:05:53', '2024-04-30 17:05:53'),
(552, 'N1015', 'SAFRIZAL DAWAM A', '-', '-', '2023-01-01', 5, 1, 1, '2024-04-30 17:05:53', '2024-04-30 17:05:53'),
(553, 'N1016', 'SRIYANTO', '-', '-', '2023-01-01', 10, 1, 1, '2024-04-30 17:05:53', '2024-04-30 17:05:53'),
(554, 'N1016', 'NISWATUN CHASANAH', '-', '-', '2023-01-01', 3, 1, 1, '2024-04-30 17:05:53', '2024-04-30 17:05:53'),
(555, 'N1016', 'RAINI RAHMAWATI', '-', '-', '2023-01-01', 1, 1, 1, '2024-04-30 17:05:53', '2024-04-30 17:05:53'),
(556, 'N1016', 'MUCHSIN MAULANA', '-', '-', '2023-01-01', 1, 1, 1, '2024-04-30 17:05:53', '2024-04-30 17:05:53'),
(557, 'N1017', 'RIYOPO', '-', '-', '2023-01-01', 85, 1, 1, '2024-04-30 17:05:53', '2024-04-30 17:05:53'),
(558, 'N1017', 'SRIYATMI', '-', '-', '2023-01-01', 12, 1, 1, '2024-04-30 17:05:53', '2024-04-30 17:05:53'),
(559, 'N1017', 'SONOA KHOIRIN ABADI', '-', '-', '2023-01-01', 7, 1, 1, '2024-04-30 17:05:53', '2024-04-30 17:05:53'),
(560, 'N1017', 'JAK BAGAS PAL', '-', '-', '2023-01-01', 7, 1, 1, '2024-04-30 17:05:53', '2024-04-30 17:05:53'),
(561, 'N2001', 'ABDUROHMAN', ' jl rejomulyo tt 04 rw 01 kel.', '081325236508', '2023-01-01', 21, 1, 1, '2024-04-30 17:05:53', '2024-05-07 08:45:21'),
(562, 'N2001', 'DIAN RAHMAWATI', '-', '-', '2023-01-01', 1, 1, 1, '2024-04-30 17:05:53', '2024-04-30 17:05:53'),
(563, 'N2001', 'CAHYO WULAN', '-', '-', '2023-01-01', 1, 1, 1, '2024-04-30 17:05:54', '2024-04-30 17:05:54'),
(564, 'N2001', 'DEWI YULIATI', '-', '-', '2023-01-01', 1, 1, 1, '2024-04-30 17:05:54', '2024-04-30 17:05:54'),
(565, 'N2001', 'NUR INDAH', '-', '-', '2023-01-01', 1, 1, 1, '2024-04-30 17:05:54', '2024-04-30 17:05:54'),
(566, 'N2002', 'EDY AGUNG SUYOSO', 'Pandana Merdeka Beringin Semar', '081347096390', '2023-01-01', 33, 1, 1, '2024-04-30 17:05:54', '2024-05-07 08:48:49'),
(567, 'N2002', 'DWI INDAH SRI S', '-', '-', '2023-01-01', 6, 1, 1, '2024-04-30 17:05:54', '2024-04-30 17:05:54'),
(568, 'N2002', 'HIDAYAH WIDININGRUM', '-', '-', '2023-01-01', 1, 1, 1, '2024-04-30 17:05:54', '2024-04-30 17:05:54'),
(569, 'N2002', 'WAHYUNINGTYAS', '-', '-', '2023-01-01', 1, 1, 1, '2024-04-30 17:05:54', '2024-04-30 17:05:54'),
(570, 'N2002', 'WAHYUNINGRUM', '-', '-', '2023-01-01', 1, 1, 1, '2024-04-30 17:05:54', '2024-04-30 17:05:54'),
(571, 'N2002', 'FITRIA WIDIANTI', '-', '-', '2023-01-01', 1, 1, 1, '2024-04-30 17:05:54', '2024-04-30 17:05:54'),
(572, 'N2003', 'IVAN BASUKI', 'Graha Taman Bunga D6 12A', '089675378899', '2023-01-01', 37, 1, 1, '2024-04-30 17:05:54', '2024-05-07 08:49:25'),
(573, 'N2003', 'MARCHAMAH', '-', '-', '2023-01-01', 12, 1, 1, '2024-04-30 17:05:54', '2024-04-30 17:05:54'),
(574, 'N2003', 'FADEL PUTRA', '-', '-', '2023-01-01', 5, 1, 1, '2024-04-30 17:05:54', '2024-04-30 17:05:54'),
(575, 'N2003', 'HIZKIL PUTRA PAKUBUMI', '-', '-', '2023-01-01', 252, 1, 1, '2024-04-30 17:05:54', '2024-04-30 17:05:54'),
(576, 'N2003', 'FAIZ', '-', '-', '2023-01-01', 4, 1, 1, '2024-04-30 17:05:54', '2024-04-30 17:05:54'),
(577, 'N2003', 'MUH PUTRA AL KHALIFI', '-', '-', '2023-01-01', 5, 1, 1, '2024-04-30 17:05:54', '2024-04-30 17:05:54'),
(578, 'N2004', 'BARATA FEBRI AJI, SE', 'Perum Pandana Merdeka  RT 04/0', '081347096390', '2023-01-01', 27, 1, 1, '2024-04-30 17:05:54', '2024-05-07 08:47:39'),
(579, 'N2004', 'ENDAH CAHYANINGSIH', '-', '-', '2023-01-01', 21, 1, 1, '2024-04-30 17:05:54', '2024-04-30 17:05:54'),
(580, 'N2004', 'BRAGA CAHYA SEDALUH', '-', '-', '2023-01-01', 1, 1, 1, '2024-04-30 17:05:54', '2024-04-30 17:05:54'),
(581, 'N2004', 'ENTA DIGA MUKTI GRATAMA', '-', '-', '2023-01-01', 1, 1, 1, '2024-04-30 17:05:54', '2024-04-30 17:05:54'),
(582, 'N2004', 'SILMI HALMANDITA', '-', '-', '2023-01-01', 1, 1, 1, '2024-04-30 17:05:54', '2024-04-30 17:05:54'),
(583, 'N2005', 'SUTIMIN', 'BSP blok D4 RT 10 RW 04 Bringi', '085225098354', '2023-01-01', 15, 1, 1, '2024-04-30 17:05:54', '2024-05-07 08:33:12'),
(584, 'N2005', 'NUR UMIYATI', '-', '-', '2023-01-01', 10, 1, 1, '2024-04-30 17:05:54', '2024-04-30 17:05:54'),
(585, 'N2005', 'TIMITA INDANA ZULFA', '-', '-', '2023-01-01', 5, 1, 1, '2024-04-30 17:05:54', '2024-04-30 17:05:54'),
(586, 'N2005', 'SYAFIRA PUTRI SALSABILA', '-', '-', '2023-01-01', 5, 1, 1, '2024-04-30 17:05:54', '2024-04-30 17:05:54'),
(587, 'N2005', 'NABILA BILBINA AZZAHRA', '-', '-', '2023-01-01', 5, 1, 1, '2024-04-30 17:05:54', '2024-04-30 17:05:54'),
(588, 'N2006', 'BAGUS NUROCHMAD', '-', '-', '2023-01-01', 40, 1, 1, '2024-04-30 17:05:54', '2024-04-30 17:05:54'),
(589, 'N2006', 'NURI SARIYANTI', '-', '-', '2023-01-01', 20, 1, 1, '2024-04-30 17:05:54', '2024-04-30 17:05:54'),
(590, 'N2006', 'FAUSTA ADIRAJASA B.N', '-', '-', '2023-01-01', 10, 1, 1, '2024-04-30 17:05:54', '2024-04-30 17:05:54'),
(591, 'N2006', 'MATHAN ABHIYANA', '-', '-', '2023-01-01', 10, 1, 1, '2024-04-30 17:05:54', '2024-04-30 17:05:54'),
(592, 'N2007', 'MUMI YUSNINAWATI', '-', '-', '2023-01-01', 18, 1, 1, '2024-04-30 17:05:54', '2024-04-30 17:05:54'),
(593, 'N2007', 'PUTINAH', '-', '-', '2023-01-01', 1, 1, 1, '2024-04-30 17:05:54', '2024-04-30 17:05:54'),
(594, 'N2007', 'AMALIA FAUGANI', '-', '-', '2023-01-01', 1, 1, 1, '2024-04-30 17:05:54', '2024-04-30 17:05:54'),
(595, 'N2007', 'MIRANTI NURUL H', '-', '-', '2023-01-01', 5, 1, 1, '2024-04-30 17:05:54', '2024-04-30 17:05:54'),
(596, 'N2007', 'KARTIKA NURAINI', '-', '-', '2023-01-01', 5, 1, 1, '2024-04-30 17:05:55', '2024-04-30 17:05:55'),
(597, 'N2007', 'MUH ANHAR FIRDAUS', '-', '-', '2023-01-01', 5, 1, 1, '2024-04-30 17:05:55', '2024-04-30 17:05:55'),
(598, 'N2007', 'YASMINA NUR AISYAH', '-', '-', '2023-01-01', 5, 1, 1, '2024-04-30 17:05:55', '2024-04-30 17:05:55'),
(599, 'N2007', 'FEBRINA TASYA HALFANI', '-', '-', '2023-01-01', 5, 1, 1, '2024-04-30 17:05:55', '2024-04-30 17:05:55'),
(600, 'N2008', 'KEL. NGALIYAN', '-', '-', '2023-01-01', 200, 1, 1, '2024-04-30 17:05:55', '2024-04-30 17:05:55'),
(601, 'N2008', 'Kel. Ngaliyan - Subekti cs', '-', '-', '2023-01-01', 20, 1, 1, '2024-04-30 17:05:55', '2024-04-30 17:05:55'),
(602, 'N2008', 'Kel. Ngaliyan Sriyono cs', '-', '-', '2023-01-01', 50, 1, 1, '2024-04-30 17:05:55', '2024-04-30 17:05:55'),
(6073, 'K1002', 'ENDANG AGUSTINA', 'Krapyak1', '-', '2023-01-01', 1, 1, 1, '2024-04-30 11:22:38', '2024-04-30 11:22:38'),
(6074, 'K1005', 'M WIDIASMORO', 'Krapyak1', '-', '2023-01-01', 1, 1, 1, '2024-04-30 11:41:41', '2024-04-30 11:41:41'),
(6075, 'K1004', 'Aulia Putri Edina', 'Krapyak1', '-', '2023-01-01', 1, 1, 1, '2024-04-30 11:49:37', '2024-04-30 11:49:37'),
(6076, 'N2003', 'Fadel Putra Sabily', 'GTB D6 12A', '-', '2024-03-29', 50, 1, 3, '2024-05-02 18:33:05', '2024-05-29 04:34:15');

-- --------------------------------------------------------

--
-- Table structure for table `saham_anggota_deleted`
--

CREATE TABLE `saham_anggota_deleted` (
  `id` int(4) NOT NULL,
  `no_kk` varchar(10) NOT NULL,
  `nama` varchar(30) NOT NULL,
  `alamat` varchar(30) NOT NULL,
  `hp` varchar(30) NOT NULL,
  `tgl_join` date NOT NULL,
  `jml_saham` int(4) NOT NULL,
  `harga_saham` int(10) NOT NULL,
  `created_at` datetime NOT NULL DEFAULT current_timestamp(),
  `updated_at` datetime NOT NULL DEFAULT current_timestamp()
) ENGINE=InnoDB DEFAULT CHARSET=utf8mb4 COLLATE=utf8mb4_general_ci;

-- --------------------------------------------------------

--
-- Table structure for table `saham_background`
--

CREATE TABLE `saham_background` (
  `id` int(11) NOT NULL,
  `nama_file` varchar(50) NOT NULL,
  `created_at` datetime NOT NULL DEFAULT current_timestamp(),
  `updated_at` datetime NOT NULL DEFAULT current_timestamp()
) ENGINE=InnoDB DEFAULT CHARSET=utf8mb4 COLLATE=utf8mb4_general_ci;

-- --------------------------------------------------------

--
-- Table structure for table `saham_kk`
--

CREATE TABLE `saham_kk` (
  `id` int(11) NOT NULL,
  `id_kk` varchar(10) NOT NULL,
  `nama_kk` varchar(30) NOT NULL,
  `id_klp` int(2) NOT NULL,
  `created_at` datetime NOT NULL DEFAULT current_timestamp(),
  `updated_at` datetime NOT NULL DEFAULT current_timestamp()
) ENGINE=InnoDB DEFAULT CHARSET=utf8mb4 COLLATE=utf8mb4_general_ci;

--
-- Dumping data for table `saham_kk`
--

INSERT INTO `saham_kk` (`id`, `id_kk`, `nama_kk`, `id_klp`, `created_at`, `updated_at`) VALUES
(1, 'BR001', 'H.SAMSU BUDIHARJO-KOMP 50 LBR', 9, '2024-03-15 22:18:49', '2024-04-11 10:45:38'),
(2, 'BR002', 'KEL.H.BUDI S', 9, '2024-03-15 22:18:49', '2024-03-15 22:18:49'),
(3, 'BR003', 'TUGIONO', 9, '2024-03-15 22:18:49', '2024-03-15 22:18:49'),
(4, 'BR004', 'ANDI TRIONO', 9, '2024-03-15 22:18:49', '2024-03-15 22:18:49'),
(5, 'BR005', 'MUH ASHARI (5)', 9, '2024-03-15 22:18:49', '2024-03-15 22:18:49'),
(6, 'BR006', 'RUDIYANTO', 9, '2024-03-15 22:18:49', '2024-03-15 22:18:49'),
(7, 'BR007', 'DANIATI', 9, '2024-03-15 22:18:49', '2024-03-15 22:18:49'),
(8, 'BR008', 'RIYADI', 9, '2024-03-15 22:18:49', '2024-03-15 22:18:49'),
(9, 'BR009', 'AMIRUDIN', 9, '2024-03-15 22:18:49', '2024-03-15 22:18:49'),
(10, 'BR010', 'DEVI', 9, '2024-03-15 22:18:49', '2024-03-15 22:18:49'),
(11, 'BR011', 'RIFAI', 9, '2024-03-15 22:18:49', '2024-03-15 22:18:49'),
(12, 'BR012', 'USWATUN GALIH', 9, '2024-03-15 22:18:49', '2024-03-15 22:18:49'),
(13, 'K1001', 'SAMINAH EX HM SIKOEN', 3, '2024-03-15 22:18:49', '2024-03-15 22:18:49'),
(14, 'K1003', 'PAINI MARSONO +IBRAHIMOVIC', 3, '2024-03-15 22:18:49', '2024-03-15 22:18:49'),
(15, 'K1004', 'NUR FITRIANI HEDI SUSANTO', 3, '2024-03-15 22:18:49', '2024-03-15 22:18:49'),
(16, 'K1005', 'YATINAH KASROI', 3, '2024-03-15 22:18:49', '2024-03-15 22:18:49'),
(17, 'K1006', 'HM ABDUL HARIS - KOMP 100', 3, '2024-03-15 22:18:49', '2024-03-15 22:18:49'),
(18, 'K1007', 'SUYANTO', 3, '2024-03-15 22:18:49', '2024-03-15 22:18:49'),
(19, 'K1008', 'H.SUWARSO (H.ROHMAD) +1', 3, '2024-03-15 22:18:49', '2024-03-15 22:18:49'),
(20, 'K1009', 'SAGIMAN', 3, '2024-03-15 22:18:49', '2024-03-15 22:18:49'),
(21, 'K1010', 'AMAT THOYIB', 3, '2024-03-15 22:18:49', '2024-03-15 22:18:49'),
(22, 'K1011', 'JOKO SUYONO', 3, '2024-03-15 22:18:49', '2024-03-15 22:18:49'),
(23, 'K1012', 'DALAIL CS', 3, '2024-03-15 22:18:49', '2024-03-15 22:18:49'),
(24, 'K1013', 'TEGUH WIDIATMOKO', 3, '2024-03-15 22:18:49', '2024-03-15 22:18:49'),
(25, 'K1014', 'SLAMET WIDODO', 3, '2024-03-15 22:18:49', '2024-03-15 22:18:49'),
(26, 'K1015', 'ABDUL AZIZ YULIANTO', 3, '2024-03-15 22:18:49', '2024-03-15 22:18:49'),
(27, 'K1016', 'MARYATUN', 3, '2024-03-15 22:18:49', '2024-03-15 22:18:49'),
(28, 'K1017', 'HJ,SALBIAH', 3, '2024-03-15 22:18:49', '2024-03-15 22:18:49'),
(29, 'K1018', 'TOTOK', 3, '2024-03-15 22:18:49', '2024-03-15 22:18:49'),
(30, 'K1019', 'BUDI SETIAWAN', 3, '2024-03-15 22:18:49', '2024-03-15 22:18:49'),
(31, 'K1020', 'SUMARJI', 3, '2024-03-15 22:18:49', '2024-03-15 22:18:49'),
(32, 'K1021', 'M.YUSRI AMRI', 3, '2024-03-15 22:18:49', '2024-03-15 22:18:49'),
(33, 'K1022', 'ARIS BUDIYANTO', 3, '2024-03-15 22:18:49', '2024-03-15 22:18:49'),
(34, 'K1023', 'DUWI WIJATMOKO', 3, '2024-03-15 22:18:49', '2024-03-15 22:18:49'),
(35, 'K1024', 'SYAIFUDIN', 3, '2024-03-15 22:18:49', '2024-03-15 22:18:49'),
(36, 'K1025', 'ASEB SETIAWAN', 3, '2024-03-15 22:18:49', '2024-03-15 22:18:49'),
(37, 'K1026', 'KUSNI', 3, '2024-03-15 22:18:49', '2024-03-15 22:18:49'),
(38, 'K1027', 'TEGUH WIDIATMOKO', 3, '2024-03-15 22:18:49', '2024-03-15 22:18:49'),
(39, 'K1068', 'TEST', 3, '2024-03-15 22:18:49', '2024-03-15 22:18:49'),
(40, 'K2001', 'H. DONO RAHARJO', 4, '2024-03-15 22:18:49', '2024-03-15 22:18:49'),
(41, 'K2002', 'H.SRIYANTO -KOMP -550 +1', 4, '2024-03-15 22:18:49', '2024-03-15 22:18:49'),
(42, 'K2003', 'SAJADI', 4, '2024-03-15 22:18:49', '2024-03-15 22:18:49'),
(43, 'K2004', 'SUPARMIN', 4, '2024-03-15 22:18:49', '2024-03-15 22:18:49'),
(44, 'K2005', 'AGUNG SUTARJO', 4, '2024-03-15 22:18:49', '2024-03-15 22:18:49'),
(45, 'K2006', 'SLAMET AL', 4, '2024-03-15 22:18:49', '2024-03-15 22:18:49'),
(46, 'K2007', 'WIDODO', 4, '2024-03-15 22:18:49', '2024-03-15 22:18:49'),
(47, 'K2008', 'NGATMIN', 4, '2024-03-15 22:18:49', '2024-03-15 22:18:49'),
(48, 'K2009', 'IMRON MUSA', 4, '2024-03-15 22:18:49', '2024-03-15 22:18:49'),
(49, 'K2010', 'SENTOT RAHARJO  620 - 400', 4, '2024-03-15 22:18:49', '2024-03-15 22:18:49'),
(50, 'K2011', 'SRI MURTINI', 4, '2024-03-15 22:18:49', '2024-03-15 22:18:49'),
(51, 'K2012', 'ABDUL ROKHIM', 4, '2024-03-15 22:18:49', '2024-03-15 22:18:49'),
(52, 'K2013', 'IMAN SUJADI', 4, '2024-03-15 22:18:49', '2024-03-15 22:18:49'),
(53, 'K2014', 'SUSIHADI', 4, '2024-03-15 22:18:49', '2024-03-15 22:18:49'),
(54, 'K2015', 'NGATEMAN', 4, '2024-03-15 22:18:49', '2024-03-15 22:18:49'),
(55, 'K2016', 'SLAMET TBK', 4, '2024-03-15 22:18:49', '2024-03-15 22:18:49'),
(56, 'K2017', 'AGUNG PRAYITNO', 4, '2024-03-15 22:18:49', '2024-03-15 22:18:49'),
(57, 'K2018', 'ROSIDAH', 4, '2024-03-15 22:18:49', '2024-03-15 22:18:49'),
(58, 'K2019', 'WAWID 01-06-2023', 4, '2024-03-15 22:18:49', '2024-03-15 22:18:49'),
(59, 'K2020', 'NURSODIK', 4, '2024-03-15 22:18:49', '2024-03-15 22:18:49'),
(60, 'N1001', 'H.TONI SUBRATA', 1, '2024-03-15 22:18:49', '2024-03-15 22:18:49'),
(61, 'N1002', 'ENDANG WAHYUNINGSIH', 1, '2024-03-15 22:18:49', '2024-03-15 22:18:49'),
(62, 'N1003', 'SUBASTIAN SUBRATA', 1, '2024-03-15 22:18:49', '2024-03-15 22:18:49'),
(63, 'N1004', 'PRABOWO NURHADI', 1, '2024-03-15 22:18:49', '2024-03-15 22:18:49'),
(64, 'N1005', 'HJ. SRI YULIANTI', 1, '2024-03-15 22:18:49', '2024-03-15 22:18:49'),
(65, 'N1006', 'BUDIONO', 1, '2024-03-15 22:18:49', '2024-03-15 22:18:49'),
(66, 'N1007', 'SUDARYANTO', 1, '2024-03-15 22:18:49', '2024-03-15 22:18:49'),
(67, 'N1008', 'HERIWANTO', 1, '2024-03-15 22:18:49', '2024-03-15 22:18:49'),
(68, 'N1009', 'IMAM MUHTAROM', 1, '2024-03-15 22:18:49', '2024-03-15 22:18:49'),
(69, 'N1010', 'SUNARKO - KOMP.75 LBR', 1, '2024-03-15 22:18:49', '2024-03-15 22:18:49'),
(70, 'N1011', 'SUWARNI+ ALM SUWARDI', 1, '2024-03-15 22:18:49', '2024-03-15 22:18:49'),
(71, 'N1012', 'DR.AGUS SUPRIYONO', 1, '2024-03-15 22:18:49', '2024-03-15 22:18:49'),
(72, 'N1013', 'SUNYOTO', 1, '2024-03-15 22:18:49', '2024-03-15 22:18:49'),
(73, 'N1015', 'NUR SHODIQ', 1, '2024-03-15 22:18:49', '2024-03-15 22:18:49'),
(74, 'N1016', 'SRIYANTO', 1, '2024-03-15 22:18:49', '2024-03-15 22:18:49'),
(75, 'N1017', 'RIYOPO', 1, '2024-03-15 22:18:49', '2024-03-15 22:18:49'),
(76, 'N1066', 'DUPLIKAT', 1, '2024-03-15 22:18:49', '2024-03-15 22:18:49'),
(77, 'N2001', 'ABDUROHMAN', 2, '2024-03-15 22:18:49', '2024-03-15 22:18:49'),
(78, 'N2002', 'EDY AGUNG SUYOSO', 2, '2024-03-15 22:18:49', '2024-03-15 22:18:49'),
(79, 'N2003', 'IVAN BASUKI', 2, '2024-03-15 22:18:49', '2024-03-15 22:18:49'),
(80, 'N2004', 'BARATA FEBRI AJI, SE', 2, '2024-03-15 22:18:49', '2024-03-15 22:18:49'),
(81, 'N2005', 'SUTIMIN', 2, '2024-03-15 22:18:49', '2024-03-15 22:18:49'),
(82, 'N2006', 'BAGUS NUROCHMAD', 2, '2024-03-15 22:18:49', '2024-03-15 22:18:49'),
(83, 'N2007', 'MUMI YUSNINAWATI', 2, '2024-03-15 22:18:49', '2024-03-15 22:18:49'),
(84, 'N2008', 'KEL. NGALIYAN', 2, '2024-03-15 22:18:49', '2024-03-15 22:18:49'),
(86, 'S0147', 'JULI ANDRE', 7, '2024-03-15 22:18:49', '2024-03-15 22:18:49'),
(87, 'S1001', 'AGUS HP', 7, '2024-03-15 22:18:49', '2024-03-15 22:18:49'),
(88, 'S1002', 'SUHEIMI', 7, '2024-03-15 22:18:49', '2024-03-15 22:18:49'),
(89, 'S1003', 'SUYONO', 7, '2024-03-15 22:18:49', '2024-03-15 22:18:49'),
(90, 'S1004', 'BAMBANG S - KOMP 100 LBR', 7, '2024-03-15 22:18:49', '2024-03-15 22:18:49'),
(91, 'S1005', 'BUDI SANTOSO - SIMONGAN', 7, '2024-03-15 22:18:49', '2024-03-15 22:18:49'),
(92, 'S1006', 'ABDUL NASIR', 7, '2024-03-15 22:18:49', '2024-03-15 22:18:49'),
(93, 'S1007', 'SUNARNO', 7, '2024-03-15 22:18:49', '2024-03-15 22:18:49'),
(94, 'S1008', 'TEGUH RAHIYANTO', 7, '2024-03-15 22:18:49', '2024-03-15 22:18:49'),
(95, 'S1009', 'SUDJIANTO', 7, '2024-03-15 22:18:49', '2024-03-15 22:18:49'),
(96, 'S1010', 'TRIAGUS BW', 7, '2024-03-15 22:18:49', '2024-03-15 22:18:49'),
(97, 'S1011', 'SLAMET W - KENDAL', 7, '2024-03-15 22:18:49', '2024-03-15 22:18:49'),
(98, 'S1013', 'SUKIDI', 7, '2024-03-15 22:18:49', '2024-03-15 22:18:49'),
(99, 'S1014', 'SUWARNO', 7, '2024-03-15 22:18:49', '2024-03-15 22:18:49'),
(100, 'S1015', 'SISWANDI - X', 7, '2024-03-15 22:18:49', '2024-03-15 22:18:49'),
(101, 'S1016', 'S.KHOTIB - JAKARTA', 7, '2024-03-15 22:18:49', '2024-03-15 22:18:49'),
(102, 'S1017', 'GIYANTO', 7, '2024-03-15 22:18:49', '2024-03-15 22:18:49'),
(103, 'S1018', 'PAIMAN - BOYOLALI', 7, '2024-03-15 22:18:49', '2024-03-15 22:18:49'),
(104, 'S1019', 'EDI SUYATMAN', 7, '2024-03-15 22:18:49', '2024-03-15 22:18:49'),
(105, 'S1020', 'MULYONO', 7, '2024-03-15 22:18:49', '2024-03-15 22:18:49'),
(106, 'S1021', 'MULYANTO - UNGARAN', 7, '2024-03-15 22:18:49', '2024-03-15 22:18:49'),
(107, 'S1022', 'SUPARMAN', 7, '2024-03-15 22:18:49', '2024-03-15 22:18:49'),
(108, 'S1023', 'SUWARSI - PINDAH', 7, '2024-03-15 22:18:49', '2024-03-15 22:18:49'),
(109, 'S1024', 'SATRIO', 7, '2024-03-15 22:18:49', '2024-03-15 22:18:49'),
(110, 'S1025', 'S.KHOLIL', 7, '2024-03-15 22:18:49', '2024-03-15 22:18:49'),
(111, 'S1026', 'SUKAMDA - SOLO', 7, '2024-03-15 22:18:49', '2024-03-15 22:18:49'),
(112, 'S1027', 'JOKO ARIAWAN', 7, '2024-03-15 22:18:49', '2024-03-15 22:18:49'),
(113, 'S1028', 'WAHYUDI', 7, '2024-03-15 22:18:49', '2024-03-15 22:18:49'),
(114, 'S1029', 'SRI HARYANI', 7, '2024-03-15 22:18:49', '2024-03-15 22:18:49'),
(115, 'S1030', 'YULI', 7, '2024-03-15 22:18:49', '2024-03-15 22:18:49'),
(116, 'S1031', 'AULIA', 7, '2024-03-15 22:18:49', '2024-03-15 22:18:49'),
(117, 'S1032', 'GALIH SABILA R', 7, '2024-03-15 22:18:49', '2024-03-15 22:18:49'),
(118, 'S1033', 'LAURA', 7, '2024-03-15 22:18:49', '2024-03-15 22:18:49'),
(119, 'S1034', 'HARYANI', 7, '2024-03-15 22:18:49', '2024-03-15 22:18:49'),
(120, 'S1035', 'SUTARTI', 7, '2024-03-15 22:18:49', '2024-03-15 22:18:49'),
(121, 'S1036', 'TITIK SETYONINGSIH', 7, '2024-03-15 22:18:49', '2024-03-15 22:18:49'),
(122, 'S1037', 'BEJO - PATI', 7, '2024-03-15 22:18:49', '2024-03-15 22:18:49'),
(123, 'S1038', 'SIAMAH - KENDAL', 7, '2024-03-15 22:18:49', '2024-03-15 22:18:49'),
(124, 'S1039', 'SYAIFUL', 7, '2024-03-15 22:18:49', '2024-03-15 22:18:49'),
(125, 'S1040', 'SUMADI', 7, '2024-03-15 22:18:49', '2024-03-15 22:18:49'),
(126, 'S1041', 'SUSILO - PINDAH', 7, '2024-03-15 22:18:49', '2024-03-15 22:18:49'),
(127, 'S1042', 'MARIANA - PINDAH', 7, '2024-03-15 22:18:49', '2024-03-15 22:18:49'),
(128, 'S1043', 'MARIANI - JAKARTA', 7, '2024-03-15 22:18:49', '2024-03-15 22:18:49'),
(129, 'S1044', 'IBNU SUTOWO', 7, '2024-03-15 22:18:49', '2024-03-15 22:18:49'),
(130, 'S1045', 'SLAMET DS - MENINGGAL', 7, '2024-03-15 22:18:49', '2024-03-15 22:18:49'),
(131, 'S1046', 'ARINA SP', 7, '2024-03-15 22:18:49', '2024-03-15 22:18:49'),
(132, 'S1048', 'DIENA', 7, '2024-03-15 22:18:49', '2024-03-15 22:18:49'),
(133, 'S1049', 'SLAMET P', 7, '2024-03-15 22:18:49', '2024-03-15 22:18:49'),
(134, 'S1050', 'DINA', 7, '2024-03-15 22:18:49', '2024-03-15 22:18:49'),
(135, 'S1051', 'ANI', 7, '2024-03-15 22:18:49', '2024-03-15 22:18:49'),
(136, 'S1052', 'HASBI', 7, '2024-03-15 22:18:49', '2024-03-15 22:18:49'),
(137, 'S1053', 'RINGGA PRASETYA', 7, '2024-03-15 22:18:49', '2024-03-15 22:18:49'),
(138, 'S1054', 'VIKTALIYA', 7, '2024-03-15 22:18:49', '2024-03-15 22:18:49'),
(139, 'S1055', 'AWALUDIN CHOIRUNAS', 7, '2024-03-15 22:18:49', '2024-03-15 22:18:49'),
(140, 'S1056', 'SATRIA NUR R', 7, '2024-03-15 22:18:49', '2024-03-15 22:18:49'),
(141, 'S1057', 'AJI DAMAR', 7, '2024-03-15 22:18:49', '2024-03-15 22:18:49'),
(142, 'S1058', 'DEWI SIANINGSIH (SUNARTO CS)', 7, '2024-03-15 22:18:49', '2024-03-15 22:18:49'),
(143, 'S2001', 'SINGGIH TS - KOMP 10 LBR', 8, '2024-03-15 22:18:49', '2024-03-15 22:18:49'),
(144, 'S2002', 'SUTIKNO', 8, '2024-03-15 22:18:49', '2024-03-15 22:18:49'),
(145, 'S2003', 'TRI YULIANTO', 8, '2024-03-15 22:18:49', '2024-03-15 22:18:49'),
(146, 'S2004', 'SHOLIKUN', 8, '2024-03-15 22:18:49', '2024-03-15 22:18:49'),
(147, 'S2005', 'RUSMIN', 8, '2024-03-15 22:18:49', '2024-03-15 22:18:49'),
(148, 'S2006', 'SUROTO', 8, '2024-03-15 22:18:49', '2024-03-15 22:18:49'),
(149, 'S2007', 'SUYATNO', 8, '2024-03-15 22:18:49', '2024-03-15 22:18:49'),
(150, 'S2008', 'PRAWOTO', 8, '2024-03-15 22:18:49', '2024-03-15 22:18:49'),
(151, 'S2009', 'H.SANIMIN - AHLI WARIS', 8, '2024-03-15 22:18:49', '2024-03-15 22:18:49'),
(152, 'S2010', 'MUNJAMIL', 8, '2024-03-15 22:18:49', '2024-03-15 22:18:49'),
(153, 'S2011', 'JAMILAH', 8, '2024-03-15 22:18:49', '2024-03-15 22:18:49'),
(154, 'S2012', 'YULIANTO', 8, '2024-03-15 22:18:49', '2024-03-15 22:18:49'),
(155, 'S2013', 'FAHMI AL KHAUDI', 8, '2024-03-15 22:18:49', '2024-03-15 22:18:49'),
(156, 'S2014', 'WAHYUDI', 8, '2024-03-15 22:18:49', '2024-03-15 22:18:49'),
(157, 'TL001', 'SADIYO', 5, '2024-03-15 22:18:49', '2024-03-15 22:18:49'),
(158, 'TL002', 'SUPARNO', 5, '2024-03-15 22:18:49', '2024-03-15 22:18:49'),
(159, 'TL003', 'DALIJO ALM - AHLI WARIS', 5, '2024-03-15 22:18:49', '2024-03-15 22:18:49'),
(160, 'TL004', 'NGADIMIN', 5, '2024-03-15 22:18:49', '2024-03-15 22:18:49'),
(161, 'TL005', 'ARIF SAIFUDIN', 5, '2024-03-15 22:18:49', '2024-03-15 22:18:49'),
(162, 'TL006', 'HARYANTO', 5, '2024-03-15 22:18:49', '2024-03-15 22:18:49'),
(163, 'TL007', 'TUMAR +1', 5, '2024-03-15 22:18:49', '2024-03-15 22:18:49'),
(164, 'TL008', 'WINARTI', 5, '2024-03-15 22:18:49', '2024-03-15 22:18:49'),
(165, 'TL009', 'SADI', 5, '2024-03-15 22:18:49', '2024-03-15 22:18:49'),
(166, 'TL010', 'SUBANDI', 5, '2024-03-15 22:18:49', '2024-03-15 22:18:49'),
(167, 'TL011', 'GIANTO', 5, '2024-03-15 22:18:49', '2024-03-15 22:18:49'),
(168, 'TL012', 'SUGIYANTO', 5, '2024-03-15 22:18:49', '2024-03-15 22:18:49'),
(169, 'TL013', 'UMAR HADI', 5, '2024-03-15 22:18:49', '2024-03-15 22:18:49'),
(170, 'TL014', 'SLAMET RIYADI', 5, '2024-03-15 22:18:49', '2024-03-15 22:18:49'),
(171, 'TL015', 'KHUSAERI', 5, '2024-03-15 22:18:49', '2024-03-15 22:18:49'),
(172, 'TL016', 'SLAMET RUSTADI', 5, '2024-03-15 22:18:49', '2024-03-15 22:18:49'),
(173, 'TL017', 'TRI ATMIKO', 5, '2024-03-15 22:18:49', '2024-03-15 22:18:49'),
(174, 'TL018', 'FAIZIN', 5, '2024-03-15 22:18:49', '2024-03-15 22:18:49'),
(175, 'TL019', 'UMBARA', 5, '2024-03-15 22:18:49', '2024-03-15 22:18:49'),
(176, 'TL020', 'MARYUTI', 5, '2024-03-15 22:18:49', '2024-03-15 22:18:49'),
(177, 'TL021', 'SUBANTORO', 5, '2024-03-15 22:18:49', '2024-03-15 22:18:49'),
(178, 'TL022', 'JARNO', 5, '2024-03-15 22:18:49', '2024-03-15 22:18:49'),
(179, 'TL023', 'KARSI', 5, '2024-03-15 22:18:49', '2024-03-15 22:18:49'),
(180, 'TL024', 'FAUZAN', 5, '2024-03-15 22:18:49', '2024-03-15 22:18:49'),
(181, 'TL025', 'KHOIRUN', 5, '2024-03-15 22:18:49', '2024-03-15 22:18:49'),
(182, 'TL026', 'MARSONO', 5, '2024-03-15 22:18:49', '2024-03-15 22:18:49'),
(183, 'TL027', 'TRI LESTARI (TARI)', 5, '2024-03-15 22:18:49', '2024-03-15 22:18:49'),
(184, 'TL028', 'ABDUL ROZAK / NGAMTO', 5, '2024-03-15 22:18:49', '2024-03-15 22:18:49'),
(185, 'TL029', 'SONY ARISANDI', 5, '2024-03-15 22:18:49', '2024-03-15 22:18:49'),
(186, 'TL030', 'KHUSNUN', 5, '2024-03-15 22:18:49', '2024-03-15 22:18:49'),
(187, 'TL031', 'JUMADI', 5, '2024-03-15 22:18:49', '2024-03-15 22:18:49'),
(188, 'TL032', 'AISAH', 5, '2024-03-15 22:18:49', '2024-03-15 22:18:49'),
(189, 'TL033', 'SUKIRAHAYU', 5, '2024-03-15 22:18:49', '2024-03-15 22:18:49'),
(190, 'TL034', 'SUKATMIN', 5, '2024-03-15 22:18:49', '2024-03-15 22:18:49'),
(191, 'TL035', 'TEGUH WICAKSONO', 5, '2024-03-15 22:18:49', '2024-03-15 22:18:49'),
(192, 'TL036', 'SUWARNO', 5, '2024-03-15 22:18:49', '2024-03-15 22:18:49'),
(193, 'TL037', 'JONI', 5, '2024-03-15 22:18:49', '2024-03-15 22:18:49'),
(194, 'TL038', 'YUDHA PRASETYO', 5, '2024-03-15 22:18:49', '2024-03-15 22:18:49'),
(195, 'TL039', 'ANI LUSIANA', 5, '2024-03-15 22:18:49', '2024-03-15 22:18:49'),
(196, 'TL040', 'SANYOTO', 5, '2024-03-15 22:18:49', '2024-03-15 22:18:49'),
(197, 'TL042', 'DARSI', 5, '2024-03-15 22:18:49', '2024-03-15 22:18:49'),
(198, 'TL043', 'HM YENI', 5, '2024-03-15 22:18:49', '2024-03-15 22:18:49'),
(199, 'TL044', 'H.YUNUS', 5, '2024-03-15 22:18:49', '2024-03-15 22:18:49'),
(200, 'TL045', 'HARI PRANOTO', 5, '2024-03-15 22:18:49', '2024-03-15 22:18:49'),
(201, 'TL046', 'SANURI', 5, '2024-03-15 22:18:49', '2024-03-15 22:18:49'),
(202, 'TL047', 'ROHMIYATUN', 5, '2024-03-15 22:18:49', '2024-03-15 22:18:49'),
(203, 'TR001', 'SUNARTO', 6, '2024-03-15 22:18:49', '2024-03-15 22:18:49'),
(204, 'TR002', 'SARMIN +1', 6, '2024-03-15 22:18:49', '2024-03-15 22:18:49'),
(205, 'TR003', 'SUDARNO', 6, '2024-03-15 22:18:49', '2024-03-15 22:18:49'),
(206, 'TR004', 'NURTO', 6, '2024-03-15 22:18:49', '2024-03-15 22:18:49'),
(207, 'TR005', 'SUGIYONO', 6, '2024-03-15 22:18:49', '2024-03-15 22:18:49'),
(208, 'TR006', 'HERMAN', 6, '2024-03-15 22:18:49', '2024-03-15 22:18:49'),
(209, 'TR007', 'MULANI', 6, '2024-03-15 22:18:49', '2024-03-15 22:18:49'),
(210, 'TR008', 'ROCHMAD', 6, '2024-03-15 22:18:49', '2024-03-15 22:18:49'),
(211, 'TR009', 'SUKENDAR', 6, '2024-03-15 22:18:49', '2024-03-15 22:18:49'),
(212, 'TR010', 'SAPUTRO', 6, '2024-03-15 22:18:49', '2024-03-15 22:18:49'),
(213, 'TR011', 'DENI WIJAYANTI', 6, '2024-03-15 22:18:49', '2024-03-15 22:18:49'),
(214, 'TR012', 'ROCHMI', 6, '2024-03-15 22:18:49', '2024-03-15 22:18:49'),
(219, 'K1002', 'ENDANG AGUSTINA', 3, '2024-04-30 11:18:03', '2024-04-30 11:18:03');

-- --------------------------------------------------------

--
-- Table structure for table `saham_kk2`
--

CREATE TABLE `saham_kk2` (
  `id` int(11) NOT NULL,
  `id_kk` varchar(10) NOT NULL,
  `nama_kk` varchar(30) NOT NULL,
  `id_klp` int(4) NOT NULL,
  `created_at` datetime NOT NULL DEFAULT current_timestamp(),
  `updated_at` datetime NOT NULL DEFAULT current_timestamp()
) ENGINE=InnoDB DEFAULT CHARSET=utf8mb4 COLLATE=utf8mb4_general_ci;

--
-- Dumping data for table `saham_kk2`
--

INSERT INTO `saham_kk2` (`id`, `id_kk`, `nama_kk`, `id_klp`, `created_at`, `updated_at`) VALUES
(1, 'BR001', 'H.SAMSU BUDIHARJO-KOMP 50 LBR', 0, '2024-03-15 22:18:49', '2024-03-15 22:18:49'),
(2, 'BR002', 'KEL.H.BUDI S', 0, '2024-03-15 22:18:49', '2024-03-15 22:18:49'),
(3, 'BR003', 'TUGIONO', 0, '2024-03-15 22:18:49', '2024-03-15 22:18:49'),
(4, 'BR004', 'ANDI TRIONO', 0, '2024-03-15 22:18:49', '2024-03-15 22:18:49'),
(5, 'BR005', 'MUH ASHARI (5)', 0, '2024-03-15 22:18:49', '2024-03-15 22:18:49'),
(6, 'BR006', 'RUDIYANTO', 0, '2024-03-15 22:18:49', '2024-03-15 22:18:49'),
(7, 'BR007', 'DANIATI', 0, '2024-03-15 22:18:49', '2024-03-15 22:18:49'),
(8, 'BR008', 'RIYADI', 0, '2024-03-15 22:18:49', '2024-03-15 22:18:49'),
(9, 'BR009', 'AMIRUDIN', 0, '2024-03-15 22:18:49', '2024-03-15 22:18:49'),
(10, 'BR010', 'DEVI', 0, '2024-03-15 22:18:49', '2024-03-15 22:18:49'),
(11, 'BR011', 'RIFAI', 0, '2024-03-15 22:18:49', '2024-03-15 22:18:49'),
(12, 'BR012', 'USWATUN GALIH', 0, '2024-03-15 22:18:49', '2024-03-15 22:18:49'),
(13, 'K1001', 'SAMINAH EX HM SIKOEN', 0, '2024-03-15 22:18:49', '2024-03-15 22:18:49'),
(14, 'K1003', 'PAINI MARSONO +IBRAHIMOVIC', 0, '2024-03-15 22:18:49', '2024-03-15 22:18:49'),
(15, 'K1004', 'NUR FITRIANI HEDI SUSANTO', 0, '2024-03-15 22:18:49', '2024-03-15 22:18:49'),
(16, 'K1005', 'YATINAH KASROI', 0, '2024-03-15 22:18:49', '2024-03-15 22:18:49'),
(17, 'K1006', 'HM ABDUL HARIS - KOMP 100', 0, '2024-03-15 22:18:49', '2024-03-15 22:18:49'),
(18, 'K1007', 'SUYANTO', 0, '2024-03-15 22:18:49', '2024-03-15 22:18:49'),
(19, 'K1008', 'H.SUWARSO (H.ROHMAD) +1', 0, '2024-03-15 22:18:49', '2024-03-15 22:18:49'),
(20, 'K1009', 'SAGIMAN', 0, '2024-03-15 22:18:49', '2024-03-15 22:18:49'),
(21, 'K1010', 'AMAT THOYIB', 0, '2024-03-15 22:18:49', '2024-03-15 22:18:49'),
(22, 'K1011', 'JOKO SUYONO', 0, '2024-03-15 22:18:49', '2024-03-15 22:18:49'),
(23, 'K1012', 'DALAIL CS', 0, '2024-03-15 22:18:49', '2024-03-15 22:18:49'),
(24, 'K1013', 'TEGUH WIDIATMOKO', 0, '2024-03-15 22:18:49', '2024-03-15 22:18:49'),
(25, 'K1014', 'SLAMET WIDODO', 0, '2024-03-15 22:18:49', '2024-03-15 22:18:49'),
(26, 'K1015', 'ABDUL AZIZ YULIANTO', 0, '2024-03-15 22:18:49', '2024-03-15 22:18:49'),
(27, 'K1016', 'MARYATUN', 0, '2024-03-15 22:18:49', '2024-03-15 22:18:49'),
(28, 'K1017', 'HJ,SALBIAH', 0, '2024-03-15 22:18:49', '2024-03-15 22:18:49'),
(29, 'K1018', 'TOTOK', 0, '2024-03-15 22:18:49', '2024-03-15 22:18:49'),
(30, 'K1019', 'BUDI SETIAWAN', 0, '2024-03-15 22:18:49', '2024-03-15 22:18:49'),
(31, 'K1020', 'SUMARJI', 0, '2024-03-15 22:18:49', '2024-03-15 22:18:49'),
(32, 'K1021', 'M.YUSRI AMRI', 0, '2024-03-15 22:18:49', '2024-03-15 22:18:49'),
(33, 'K1022', 'ARIS BUDIYANTO', 0, '2024-03-15 22:18:49', '2024-03-15 22:18:49'),
(34, 'K1023', 'DUWI WIJATMOKO', 0, '2024-03-15 22:18:49', '2024-03-15 22:18:49'),
(35, 'K1024', 'SYAIFUDIN', 0, '2024-03-15 22:18:49', '2024-03-15 22:18:49'),
(36, 'K1025', 'ASEB SETIAWAN', 0, '2024-03-15 22:18:49', '2024-03-15 22:18:49'),
(37, 'K1026', 'KUSNI', 0, '2024-03-15 22:18:49', '2024-03-15 22:18:49'),
(38, 'K1027', 'TEGUH WIDIATMOKO', 0, '2024-03-15 22:18:49', '2024-03-15 22:18:49'),
(39, 'K1068', 'TEST', 0, '2024-03-15 22:18:49', '2024-03-15 22:18:49'),
(40, 'K2001', 'H. DONO RAHARJO', 0, '2024-03-15 22:18:49', '2024-03-15 22:18:49'),
(41, 'K2002', 'H.SRIYANTO -KOMP -550 +1', 0, '2024-03-15 22:18:49', '2024-03-15 22:18:49'),
(42, 'K2003', 'SAJADI', 0, '2024-03-15 22:18:49', '2024-03-15 22:18:49'),
(43, 'K2004', 'SUPARMIN', 0, '2024-03-15 22:18:49', '2024-03-15 22:18:49'),
(44, 'K2005', 'AGUNG SUTARJO', 0, '2024-03-15 22:18:49', '2024-03-15 22:18:49'),
(45, 'K2006', 'SLAMET AL', 0, '2024-03-15 22:18:49', '2024-03-15 22:18:49'),
(46, 'K2007', 'WIDODO', 0, '2024-03-15 22:18:49', '2024-03-15 22:18:49'),
(47, 'K2008', 'NGATMIN', 0, '2024-03-15 22:18:49', '2024-03-15 22:18:49'),
(48, 'K2009', 'IMRON MUSA', 0, '2024-03-15 22:18:49', '2024-03-15 22:18:49'),
(49, 'K2010', 'SENTOT RAHARJO  620 - 400', 0, '2024-03-15 22:18:49', '2024-03-15 22:18:49'),
(50, 'K2011', 'SRI MURTINI', 0, '2024-03-15 22:18:49', '2024-03-15 22:18:49'),
(51, 'K2012', 'ABDUL ROKHIM', 0, '2024-03-15 22:18:49', '2024-03-15 22:18:49'),
(52, 'K2013', 'IMAN SUJADI', 0, '2024-03-15 22:18:49', '2024-03-15 22:18:49'),
(53, 'K2014', 'SUSIHADI', 0, '2024-03-15 22:18:49', '2024-03-15 22:18:49'),
(54, 'K2015', 'NGATEMAN', 0, '2024-03-15 22:18:49', '2024-03-15 22:18:49'),
(55, 'K2016', 'SLAMET TBK', 0, '2024-03-15 22:18:49', '2024-03-15 22:18:49'),
(56, 'K2017', 'AGUNG PRAYITNO', 0, '2024-03-15 22:18:49', '2024-03-15 22:18:49'),
(57, 'K2018', 'ROSIDAH', 0, '2024-03-15 22:18:49', '2024-03-15 22:18:49'),
(58, 'K2019', 'WAWID 01-06-2023', 0, '2024-03-15 22:18:49', '2024-03-15 22:18:49'),
(59, 'K2020', 'NURSODIK', 0, '2024-03-15 22:18:49', '2024-03-15 22:18:49'),
(60, 'N1001', 'H.TONI SUBRATA', 0, '2024-03-15 22:18:49', '2024-03-15 22:18:49'),
(61, 'N1002', 'ENDANG WAHYUNINGSIH', 0, '2024-03-15 22:18:49', '2024-03-15 22:18:49'),
(62, 'N1003', 'SUBASTIAN SUBRATA', 0, '2024-03-15 22:18:49', '2024-03-15 22:18:49'),
(63, 'N1004', 'PRABOWO NURHADI', 0, '2024-03-15 22:18:49', '2024-03-15 22:18:49'),
(64, 'N1005', 'HJ. SRI YULIANTI', 0, '2024-03-15 22:18:49', '2024-03-15 22:18:49'),
(65, 'N1006', 'BUDIONO', 0, '2024-03-15 22:18:49', '2024-03-15 22:18:49'),
(66, 'N1007', 'SUDARYANTO', 0, '2024-03-15 22:18:49', '2024-03-15 22:18:49'),
(67, 'N1008', 'HERIWANTO', 0, '2024-03-15 22:18:49', '2024-03-15 22:18:49'),
(68, 'N1009', 'IMAM MUHTAROM', 0, '2024-03-15 22:18:49', '2024-03-15 22:18:49'),
(69, 'N1010', 'SUNARKO - KOMP.75 LBR', 0, '2024-03-15 22:18:49', '2024-03-15 22:18:49'),
(70, 'N1011', 'SUWARNI+ ALM SUWARDI', 0, '2024-03-15 22:18:49', '2024-03-15 22:18:49'),
(71, 'N1012', 'DR.AGUS SUPRIYONO', 0, '2024-03-15 22:18:49', '2024-03-15 22:18:49'),
(72, 'N1013', 'SUNYOTO', 0, '2024-03-15 22:18:49', '2024-03-15 22:18:49'),
(73, 'N1015', 'NUR SHODIQ', 0, '2024-03-15 22:18:49', '2024-03-15 22:18:49'),
(74, 'N1016', 'SRIYANTO', 0, '2024-03-15 22:18:49', '2024-03-15 22:18:49'),
(75, 'N1017', 'RIYOPO', 0, '2024-03-15 22:18:49', '2024-03-15 22:18:49'),
(76, 'N1066', 'DUPLIKAT', 0, '2024-03-15 22:18:49', '2024-03-15 22:18:49'),
(77, 'N2001', 'ABDUROHMAN', 0, '2024-03-15 22:18:49', '2024-03-15 22:18:49'),
(78, 'N2002', 'EDY AGUNG SUYOSO', 0, '2024-03-15 22:18:49', '2024-03-15 22:18:49'),
(79, 'N2003', 'IVAN BASUKI', 0, '2024-03-15 22:18:49', '2024-03-15 22:18:49'),
(80, 'N2004', 'BARATA FEBRI AJI, SE', 0, '2024-03-15 22:18:49', '2024-03-15 22:18:49'),
(81, 'N2005', 'SUTIMIN', 0, '2024-03-15 22:18:49', '2024-03-15 22:18:49'),
(82, 'N2006', 'BAGUS NUROCHMAD', 0, '2024-03-15 22:18:49', '2024-03-15 22:18:49'),
(83, 'N2007', 'MUMI YUSNINAWATI', 0, '2024-03-15 22:18:49', '2024-03-15 22:18:49'),
(84, 'N2008', 'KEL. NGALIYAN', 0, '2024-03-15 22:18:49', '2024-03-15 22:18:49'),
(85, 'N2042', 'Mutiara', 0, '2024-03-15 22:18:49', '2024-03-15 22:18:49'),
(86, 'S0147', 'JULI ANDRE', 0, '2024-03-15 22:18:49', '2024-03-15 22:18:49'),
(87, 'S1001', 'AGUS HP', 0, '2024-03-15 22:18:49', '2024-03-15 22:18:49'),
(88, 'S1002', 'SUHEIMI', 0, '2024-03-15 22:18:49', '2024-03-15 22:18:49'),
(89, 'S1003', 'SUYONO', 0, '2024-03-15 22:18:49', '2024-03-15 22:18:49'),
(90, 'S1004', 'BAMBANG S - KOMP 100 LBR', 0, '2024-03-15 22:18:49', '2024-03-15 22:18:49'),
(91, 'S1005', 'BUDI SANTOSO - SIMONGAN', 0, '2024-03-15 22:18:49', '2024-03-15 22:18:49'),
(92, 'S1006', 'ABDUL NASIR', 0, '2024-03-15 22:18:49', '2024-03-15 22:18:49'),
(93, 'S1007', 'SUNARNO', 0, '2024-03-15 22:18:49', '2024-03-15 22:18:49'),
(94, 'S1008', 'TEGUH RAHIYANTO', 0, '2024-03-15 22:18:49', '2024-03-15 22:18:49'),
(95, 'S1009', 'SUDJIANTO', 0, '2024-03-15 22:18:49', '2024-03-15 22:18:49'),
(96, 'S1010', 'TRIAGUS BW', 0, '2024-03-15 22:18:49', '2024-03-15 22:18:49'),
(97, 'S1011', 'SLAMET W - KENDAL', 0, '2024-03-15 22:18:49', '2024-03-15 22:18:49'),
(98, 'S1013', 'SUKIDI', 0, '2024-03-15 22:18:49', '2024-03-15 22:18:49'),
(99, 'S1014', 'SUWARNO', 0, '2024-03-15 22:18:49', '2024-03-15 22:18:49'),
(100, 'S1015', 'SISWANDI - X', 0, '2024-03-15 22:18:49', '2024-03-15 22:18:49'),
(101, 'S1016', 'S.KHOTIB - JAKARTA', 0, '2024-03-15 22:18:49', '2024-03-15 22:18:49'),
(102, 'S1017', 'GIYANTO', 0, '2024-03-15 22:18:49', '2024-03-15 22:18:49'),
(103, 'S1018', 'PAIMAN - BOYOLALI', 0, '2024-03-15 22:18:49', '2024-03-15 22:18:49'),
(104, 'S1019', 'EDI SUYATMAN', 0, '2024-03-15 22:18:49', '2024-03-15 22:18:49'),
(105, 'S1020', 'MULYONO', 0, '2024-03-15 22:18:49', '2024-03-15 22:18:49'),
(106, 'S1021', 'MULYANTO - UNGARAN', 0, '2024-03-15 22:18:49', '2024-03-15 22:18:49'),
(107, 'S1022', 'SUPARMAN', 0, '2024-03-15 22:18:49', '2024-03-15 22:18:49'),
(108, 'S1023', 'SUWARSI - PINDAH', 0, '2024-03-15 22:18:49', '2024-03-15 22:18:49'),
(109, 'S1024', 'SATRIO', 0, '2024-03-15 22:18:49', '2024-03-15 22:18:49'),
(110, 'S1025', 'S.KHOLIL', 0, '2024-03-15 22:18:49', '2024-03-15 22:18:49'),
(111, 'S1026', 'SUKAMDA - SOLO', 0, '2024-03-15 22:18:49', '2024-03-15 22:18:49'),
(112, 'S1027', 'JOKO ARIAWAN', 0, '2024-03-15 22:18:49', '2024-03-15 22:18:49'),
(113, 'S1028', 'WAHYUDI', 0, '2024-03-15 22:18:49', '2024-03-15 22:18:49'),
(114, 'S1029', 'SRI HARYANI', 0, '2024-03-15 22:18:49', '2024-03-15 22:18:49'),
(115, 'S1030', 'YULI', 0, '2024-03-15 22:18:49', '2024-03-15 22:18:49'),
(116, 'S1031', 'AULIA', 0, '2024-03-15 22:18:49', '2024-03-15 22:18:49'),
(117, 'S1032', 'GALIH SABILA R', 0, '2024-03-15 22:18:49', '2024-03-15 22:18:49'),
(118, 'S1033', 'LAURA', 0, '2024-03-15 22:18:49', '2024-03-15 22:18:49'),
(119, 'S1034', 'HARYANI', 0, '2024-03-15 22:18:49', '2024-03-15 22:18:49'),
(120, 'S1035', 'SUTARTI', 0, '2024-03-15 22:18:49', '2024-03-15 22:18:49'),
(121, 'S1036', 'TITIK SETYONINGSIH', 0, '2024-03-15 22:18:49', '2024-03-15 22:18:49'),
(122, 'S1037', 'BEJO - PATI', 0, '2024-03-15 22:18:49', '2024-03-15 22:18:49'),
(123, 'S1038', 'SIAMAH - KENDAL', 0, '2024-03-15 22:18:49', '2024-03-15 22:18:49'),
(124, 'S1039', 'SYAIFUL', 0, '2024-03-15 22:18:49', '2024-03-15 22:18:49'),
(125, 'S1040', 'SUMADI', 0, '2024-03-15 22:18:49', '2024-03-15 22:18:49'),
(126, 'S1041', 'SUSILO - PINDAH', 0, '2024-03-15 22:18:49', '2024-03-15 22:18:49'),
(127, 'S1042', 'MARIANA - PINDAH', 0, '2024-03-15 22:18:49', '2024-03-15 22:18:49'),
(128, 'S1043', 'MARIANI - JAKARTA', 0, '2024-03-15 22:18:49', '2024-03-15 22:18:49'),
(129, 'S1044', 'IBNU SUTOWO', 0, '2024-03-15 22:18:49', '2024-03-15 22:18:49'),
(130, 'S1045', 'SLAMET DS - MENINGGAL', 0, '2024-03-15 22:18:49', '2024-03-15 22:18:49'),
(131, 'S1046', 'ARINA SP', 0, '2024-03-15 22:18:49', '2024-03-15 22:18:49'),
(132, 'S1048', 'DIENA', 0, '2024-03-15 22:18:49', '2024-03-15 22:18:49'),
(133, 'S1049', 'SLAMET P', 0, '2024-03-15 22:18:49', '2024-03-15 22:18:49'),
(134, 'S1050', 'DINA', 0, '2024-03-15 22:18:49', '2024-03-15 22:18:49'),
(135, 'S1051', 'ANI', 0, '2024-03-15 22:18:49', '2024-03-15 22:18:49'),
(136, 'S1052', 'HASBI', 0, '2024-03-15 22:18:49', '2024-03-15 22:18:49'),
(137, 'S1053', 'RINGGA PRASETYA', 0, '2024-03-15 22:18:49', '2024-03-15 22:18:49'),
(138, 'S1054', 'VIKTALIYA', 0, '2024-03-15 22:18:49', '2024-03-15 22:18:49'),
(139, 'S1055', 'AWALUDIN CHOIRUNAS', 0, '2024-03-15 22:18:49', '2024-03-15 22:18:49'),
(140, 'S1056', 'SATRIA NUR R', 0, '2024-03-15 22:18:49', '2024-03-15 22:18:49'),
(141, 'S1057', 'AJI DAMAR', 0, '2024-03-15 22:18:49', '2024-03-15 22:18:49'),
(142, 'S1058', 'DEWI SIANINGSIH (SUNARTO CS)', 0, '2024-03-15 22:18:49', '2024-03-15 22:18:49'),
(143, 'S2001', 'SINGGIH TS - KOMP 10 LBR', 0, '2024-03-15 22:18:49', '2024-03-15 22:18:49'),
(144, 'S2002', 'SUTIKNO', 0, '2024-03-15 22:18:49', '2024-03-15 22:18:49'),
(145, 'S2003', 'TRI YULIANTO', 0, '2024-03-15 22:18:49', '2024-03-15 22:18:49'),
(146, 'S2004', 'SHOLIKUN', 0, '2024-03-15 22:18:49', '2024-03-15 22:18:49'),
(147, 'S2005', 'RUSMIN', 0, '2024-03-15 22:18:49', '2024-03-15 22:18:49'),
(148, 'S2006', 'SUROTO', 0, '2024-03-15 22:18:49', '2024-03-15 22:18:49'),
(149, 'S2007', 'SUYATNO', 0, '2024-03-15 22:18:49', '2024-03-15 22:18:49'),
(150, 'S2008', 'PRAWOTO', 0, '2024-03-15 22:18:49', '2024-03-15 22:18:49'),
(151, 'S2009', 'H.SANIMIN - AHLI WARIS', 0, '2024-03-15 22:18:49', '2024-03-15 22:18:49'),
(152, 'S2010', 'MUNJAMIL', 0, '2024-03-15 22:18:49', '2024-03-15 22:18:49'),
(153, 'S2011', 'JAMILAH', 0, '2024-03-15 22:18:49', '2024-03-15 22:18:49'),
(154, 'S2012', 'YULIANTO', 0, '2024-03-15 22:18:49', '2024-03-15 22:18:49'),
(155, 'S2013', 'FAHMI AL KHAUDI', 0, '2024-03-15 22:18:49', '2024-03-15 22:18:49'),
(156, 'S2014', 'WAHYUDI', 0, '2024-03-15 22:18:49', '2024-03-15 22:18:49'),
(157, 'TL001', 'SADIYO', 0, '2024-03-15 22:18:49', '2024-03-15 22:18:49'),
(158, 'TL002', 'SUPARNO', 0, '2024-03-15 22:18:49', '2024-03-15 22:18:49'),
(159, 'TL003', 'DALIJO ALM - AHLI WARIS', 0, '2024-03-15 22:18:49', '2024-03-15 22:18:49'),
(160, 'TL004', 'NGADIMIN', 0, '2024-03-15 22:18:49', '2024-03-15 22:18:49'),
(161, 'TL005', 'ARIF SAIFUDIN', 0, '2024-03-15 22:18:49', '2024-03-15 22:18:49'),
(162, 'TL006', 'HARYANTO', 0, '2024-03-15 22:18:49', '2024-03-15 22:18:49'),
(163, 'TL007', 'TUMAR +1', 0, '2024-03-15 22:18:49', '2024-03-15 22:18:49'),
(164, 'TL008', 'WINARTI', 0, '2024-03-15 22:18:49', '2024-03-15 22:18:49'),
(165, 'TL009', 'SADI', 0, '2024-03-15 22:18:49', '2024-03-15 22:18:49'),
(166, 'TL010', 'SUBANDI', 0, '2024-03-15 22:18:49', '2024-03-15 22:18:49'),
(167, 'TL011', 'GIANTO', 0, '2024-03-15 22:18:49', '2024-03-15 22:18:49'),
(168, 'TL012', 'SUGIYANTO', 0, '2024-03-15 22:18:49', '2024-03-15 22:18:49'),
(169, 'TL013', 'UMAR HADI', 0, '2024-03-15 22:18:49', '2024-03-15 22:18:49'),
(170, 'TL014', 'SLAMET RIYADI', 0, '2024-03-15 22:18:49', '2024-03-15 22:18:49'),
(171, 'TL015', 'KHUSAERI', 0, '2024-03-15 22:18:49', '2024-03-15 22:18:49'),
(172, 'TL016', 'SLAMET RUSTADI', 0, '2024-03-15 22:18:49', '2024-03-15 22:18:49'),
(173, 'TL017', 'TRI ATMIKO', 0, '2024-03-15 22:18:49', '2024-03-15 22:18:49'),
(174, 'TL018', 'FAIZIN', 0, '2024-03-15 22:18:49', '2024-03-15 22:18:49'),
(175, 'TL019', 'UMBARA', 0, '2024-03-15 22:18:49', '2024-03-15 22:18:49'),
(176, 'TL020', 'MARYUTI', 0, '2024-03-15 22:18:49', '2024-03-15 22:18:49'),
(177, 'TL021', 'SUBANTORO', 0, '2024-03-15 22:18:49', '2024-03-15 22:18:49'),
(178, 'TL022', 'JARNO', 0, '2024-03-15 22:18:49', '2024-03-15 22:18:49'),
(179, 'TL023', 'KARSI', 0, '2024-03-15 22:18:49', '2024-03-15 22:18:49'),
(180, 'TL024', 'FAUZAN', 0, '2024-03-15 22:18:49', '2024-03-15 22:18:49'),
(181, 'TL025', 'KHOIRUN', 0, '2024-03-15 22:18:49', '2024-03-15 22:18:49'),
(182, 'TL026', 'MARSONO', 0, '2024-03-15 22:18:49', '2024-03-15 22:18:49'),
(183, 'TL027', 'TRI LESTARI (TARI)', 0, '2024-03-15 22:18:49', '2024-03-15 22:18:49'),
(184, 'TL028', 'ABDUL ROZAK / NGAMTO', 0, '2024-03-15 22:18:49', '2024-03-15 22:18:49'),
(185, 'TL029', 'SONY ARISANDI', 0, '2024-03-15 22:18:49', '2024-03-15 22:18:49'),
(186, 'TL030', 'KHUSNUN', 0, '2024-03-15 22:18:49', '2024-03-15 22:18:49'),
(187, 'TL031', 'JUMADI', 0, '2024-03-15 22:18:49', '2024-03-15 22:18:49'),
(188, 'TL032', 'AISAH', 0, '2024-03-15 22:18:49', '2024-03-15 22:18:49'),
(189, 'TL033', 'SUKIRAHAYU', 0, '2024-03-15 22:18:49', '2024-03-15 22:18:49'),
(190, 'TL034', 'SUKATMIN', 0, '2024-03-15 22:18:49', '2024-03-15 22:18:49'),
(191, 'TL035', 'TEGUH WICAKSONO', 0, '2024-03-15 22:18:49', '2024-03-15 22:18:49'),
(192, 'TL036', 'SUWARNO', 0, '2024-03-15 22:18:49', '2024-03-15 22:18:49'),
(193, 'TL037', 'JONI', 0, '2024-03-15 22:18:49', '2024-03-15 22:18:49'),
(194, 'TL038', 'YUDHA PRASETYO', 0, '2024-03-15 22:18:49', '2024-03-15 22:18:49'),
(195, 'TL039', 'ANI LUSIANA', 0, '2024-03-15 22:18:49', '2024-03-15 22:18:49'),
(196, 'TL040', 'SANYOTO', 0, '2024-03-15 22:18:49', '2024-03-15 22:18:49'),
(197, 'TL042', 'DARSI', 0, '2024-03-15 22:18:49', '2024-03-15 22:18:49'),
(198, 'TL043', 'HM YENI', 0, '2024-03-15 22:18:49', '2024-03-15 22:18:49'),
(199, 'TL044', 'H.YUNUS', 0, '2024-03-15 22:18:49', '2024-03-15 22:18:49'),
(200, 'TL045', 'HARI PRANOTO', 0, '2024-03-15 22:18:49', '2024-03-15 22:18:49'),
(201, 'TL046', 'SANURI', 0, '2024-03-15 22:18:49', '2024-03-15 22:18:49'),
(202, 'TL047', 'ROHMIYATUN', 0, '2024-03-15 22:18:49', '2024-03-15 22:18:49'),
(203, 'TR001', 'SUNARTO', 0, '2024-03-15 22:18:49', '2024-03-15 22:18:49'),
(204, 'TR002', 'SARMIN +1', 0, '2024-03-15 22:18:49', '2024-03-15 22:18:49'),
(205, 'TR003', 'SUDARNO', 0, '2024-03-15 22:18:49', '2024-03-15 22:18:49'),
(206, 'TR004', 'NURTO', 0, '2024-03-15 22:18:49', '2024-03-15 22:18:49'),
(207, 'TR005', 'SUGIYONO', 0, '2024-03-15 22:18:49', '2024-03-15 22:18:49'),
(208, 'TR006', 'HERMAN', 0, '2024-03-15 22:18:49', '2024-03-15 22:18:49'),
(209, 'TR007', 'MULANI', 0, '2024-03-15 22:18:49', '2024-03-15 22:18:49'),
(210, 'TR008', 'ROCHMAD', 0, '2024-03-15 22:18:49', '2024-03-15 22:18:49'),
(211, 'TR009', 'SUKENDAR', 0, '2024-03-15 22:18:49', '2024-03-15 22:18:49'),
(212, 'TR010', 'SAPUTRO', 0, '2024-03-15 22:18:49', '2024-03-15 22:18:49'),
(213, 'TR011', 'DENI WIJAYANTI', 0, '2024-03-15 22:18:49', '2024-03-15 22:18:49'),
(214, 'TR012', 'ROCHMI', 0, '2024-03-15 22:18:49', '2024-03-15 22:18:49'),
(215, 'TR031', 'SUKENDARS', 0, '2024-03-15 22:18:49', '2024-03-15 22:18:49');

-- --------------------------------------------------------

--
-- Table structure for table `saham_kk_deleted`
--

CREATE TABLE `saham_kk_deleted` (
  `id` int(11) NOT NULL,
  `id_kk` varchar(10) NOT NULL,
  `nama_kk` varchar(30) NOT NULL,
  `id_klp` varchar(10) NOT NULL,
  `created_at` datetime NOT NULL DEFAULT current_timestamp(),
  `updated_at` datetime NOT NULL DEFAULT current_timestamp()
) ENGINE=InnoDB DEFAULT CHARSET=utf8mb4 COLLATE=utf8mb4_general_ci;

-- --------------------------------------------------------

--
-- Table structure for table `saham_mutasi`
--

CREATE TABLE `saham_mutasi` (
  `id` int(4) NOT NULL,
  `id_saham_lama` int(6) NOT NULL,
  `no_kk_lama` varchar(10) NOT NULL,
  `nama` varchar(30) NOT NULL,
  `alamat` varchar(30) NOT NULL,
  `hp` varchar(30) NOT NULL,
  `tgl_join` date NOT NULL,
  `jml_saham` int(4) NOT NULL,
  `alasan` varchar(50) NOT NULL,
  `tgl_mutasi` date NOT NULL,
  `id_tipe` int(10) NOT NULL,
  `created_at` datetime NOT NULL DEFAULT current_timestamp(),
  `updated_at` datetime NOT NULL DEFAULT current_timestamp()
) ENGINE=InnoDB DEFAULT CHARSET=utf8mb4 COLLATE=utf8mb4_general_ci;

--
-- Dumping data for table `saham_mutasi`
--

INSERT INTO `saham_mutasi` (`id`, `id_saham_lama`, `no_kk_lama`, `nama`, `alamat`, `hp`, `tgl_join`, `jml_saham`, `alasan`, `tgl_mutasi`, `id_tipe`, `created_at`, `updated_at`) VALUES
(8, 6076, 'N2003', 'Fadel Putra Sabily', 'GTB D6 12A', '-', '0000-00-00', 50, 'test', '2024-05-29', 0, '2024-05-29 04:19:47', '2024-05-29 04:19:47'),
(9, 6076, 'N2008', 'Fadel Putra Sabily', 'GTB D6 12A', '-', '0000-00-00', 50, 'test', '2024-05-29', 0, '2024-05-29 04:34:15', '2024-05-29 04:34:15');

-- --------------------------------------------------------

--
-- Table structure for table `saham_resign`
--

CREATE TABLE `saham_resign` (
  `id` int(4) NOT NULL,
  `no_kk` varchar(10) NOT NULL,
  `nama` varchar(30) NOT NULL,
  `alamat` varchar(30) NOT NULL,
  `hp` varchar(30) NOT NULL,
  `tgl_join` date NOT NULL,
  `jml_saham` int(4) NOT NULL,
  `harga_saham` int(10) NOT NULL,
  `tgl_resign` date NOT NULL,
  `alasan` varchar(30) NOT NULL,
  `created_at` datetime NOT NULL DEFAULT current_timestamp(),
  `updated_at` datetime NOT NULL DEFAULT current_timestamp()
) ENGINE=InnoDB DEFAULT CHARSET=utf8mb4 COLLATE=utf8mb4_general_ci;

--
-- Dumping data for table `saham_resign`
--

INSERT INTO `saham_resign` (`id`, `no_kk`, `nama`, `alamat`, `hp`, `tgl_join`, `jml_saham`, `harga_saham`, `tgl_resign`, `alasan`, `created_at`, `updated_at`) VALUES
(1, 'K1003', 'PAINI MARSONO +IBRAHIMOVIC', '-', '-', '0000-00-00', 110, 10000, '2024-05-28', 'test', '2024-05-28 03:16:58', '2024-05-28 03:16:58');

-- --------------------------------------------------------

--
-- Table structure for table `status_saham`
--

CREATE TABLE `status_saham` (
  `id` int(2) NOT NULL,
  `status_saham` varchar(30) NOT NULL,
  `created_at` datetime NOT NULL DEFAULT current_timestamp(),
  `updated_at` datetime NOT NULL DEFAULT current_timestamp()
) ENGINE=InnoDB DEFAULT CHARSET=utf8mb4 COLLATE=utf8mb4_general_ci;

--
-- Dumping data for table `status_saham`
--

INSERT INTO `status_saham` (`id`, `status_saham`, `created_at`, `updated_at`) VALUES
(1, 'AKTIF', '2024-05-25 15:13:54', '2024-05-25 15:13:54'),
(2, 'RESIGN', '2024-05-25 15:13:54', '2024-05-25 15:13:54'),
(3, 'MUTASI', '2024-05-28 05:43:26', '2024-05-28 05:43:26');

-- --------------------------------------------------------

--
-- Table structure for table `tipe_saham`
--

CREATE TABLE `tipe_saham` (
  `id` int(2) NOT NULL,
  `kode_saham` varchar(2) NOT NULL,
  `harga_saham` decimal(9,0) NOT NULL,
  `created_at` datetime NOT NULL,
  `updated_at` datetime NOT NULL
) ENGINE=InnoDB DEFAULT CHARSET=utf8mb4 COLLATE=utf8mb4_general_ci;

--
-- Dumping data for table `tipe_saham`
--

INSERT INTO `tipe_saham` (`id`, `kode_saham`, `harga_saham`, `created_at`, `updated_at`) VALUES
(1, 'A1', 10000, '0000-00-00 00:00:00', '0000-00-00 00:00:00'),
(2, 'A2', 20000, '0000-00-00 00:00:00', '0000-00-00 00:00:00'),
(3, 'A3', 50000, '0000-00-00 00:00:00', '0000-00-00 00:00:00');

-- --------------------------------------------------------

--
-- Table structure for table `users`
--

CREATE TABLE `users` (
  `user_id` int(11) NOT NULL,
  `user_name` varchar(100) DEFAULT NULL,
  `nama_lengkap` varchar(50) NOT NULL,
  `alamat_lengkap` varchar(50) NOT NULL,
  `kota` varchar(40) NOT NULL,
  `hp` varchar(30) NOT NULL,
  `id_role` int(4) NOT NULL,
  `user_email` varchar(100) DEFAULT NULL,
  `user_password` varchar(200) DEFAULT NULL,
  `user_created_at` timestamp NOT NULL DEFAULT current_timestamp()
) ENGINE=InnoDB DEFAULT CHARSET=utf8mb4 COLLATE=utf8mb4_general_ci;

--
-- Dumping data for table `users`
--

INSERT INTO `users` (`user_id`, `user_name`, `nama_lengkap`, `alamat_lengkap`, `kota`, `hp`, `id_role`, `user_email`, `user_password`, `user_created_at`) VALUES
(3, 'ivan', 'Ivan Basuki', 'Graha Taman Bunga D6 12A', 'Semarang', '089675378899', 2, 'binasyirkahmandiri@gmail.com', '$2y$10$YpBXHL/NWUqvA32zUXJSGOO1iFiYGGAn8u95CTZkalNWojM8Z13W.', '2024-03-21 16:57:07'),
(7, 'testuser', 'Ivan Basuki', 'Graha Taman Bunga D6 12A', 'Semarang', '0895618433933', 1, 'ivan.basuki@gmail.com', '$2y$10$99KkDqL/bLJcMsdNsYjwZu1WxmN/cd.PuuPTpWLd8x.87O1ogThYK', '2024-05-11 17:38:22'),
(8, 'wahyudin', 'Wahyudin', 'Saptamarga 1', 'Semarang', '089675365365635', 4, 'wahyudin@gmail.com', '$2y$10$3NIzJSsLL5W5/FcE0AsJteBZ4WxPAPp43f1fpAlmz6wfLAfQBThxa', '2024-05-26 10:38:39');

-- --------------------------------------------------------

--
-- Table structure for table `usersx`
--

CREATE TABLE `usersx` (
  `id` int(11) NOT NULL COMMENT 'Primary Key',
  `name` varchar(100) NOT NULL COMMENT 'Name',
  `email` varchar(255) NOT NULL COMMENT 'Email Address',
  `contact_no` varchar(50) NOT NULL COMMENT 'Contact No',
  `created_at` varchar(20) NOT NULL COMMENT 'Created date'
) ENGINE=InnoDB DEFAULT CHARSET=utf8mb4 COLLATE=utf8mb4_general_ci;

--
-- Dumping data for table `usersx`
--

INSERT INTO `usersx` (`id`, `name`, `email`, `contact_no`, `created_at`) VALUES
(1, 'ivan', 'ivan.basuki@gmail.com', '089675378899', '2024-02-01'),
(2, 'marhamah', 'marhamah1978@gmail.com', '0893673737373763', '2024-02-10');

--
-- Indexes for dumped tables
--

--
-- Indexes for table `detail_penjualan`
--
ALTER TABLE `detail_penjualan`
  ADD PRIMARY KEY (`id`);

--
-- Indexes for table `detail_penjualan2`
--
ALTER TABLE `detail_penjualan2`
  ADD PRIMARY KEY (`id`);

--
-- Indexes for table `invoice`
--
ALTER TABLE `invoice`
  ADD PRIMARY KEY (`id`);

--
-- Indexes for table `kas`
--
ALTER TABLE `kas`
  ADD PRIMARY KEY (`id`);

--
-- Indexes for table `kelompok`
--
ALTER TABLE `kelompok`
  ADD PRIMARY KEY (`id`);

--
-- Indexes for table `konfigurasi`
--
ALTER TABLE `konfigurasi`
  ADD PRIMARY KEY (`id`);

--
-- Indexes for table `menu`
--
ALTER TABLE `menu`
  ADD PRIMARY KEY (`id`);

--
-- Indexes for table `migrations`
--
ALTER TABLE `migrations`
  ADD PRIMARY KEY (`id`);

--
-- Indexes for table `nasabah_kredit`
--
ALTER TABLE `nasabah_kredit`
  ADD PRIMARY KEY (`id`),
  ADD KEY `id_kredit` (`id_kredit`);

--
-- Indexes for table `pelanggan`
--
ALTER TABLE `pelanggan`
  ADD PRIMARY KEY (`id`),
  ADD KEY `id_anggota` (`id_anggota`);

--
-- Indexes for table `pembayaran`
--
ALTER TABLE `pembayaran`
  ADD PRIMARY KEY (`id`);

--
-- Indexes for table `pembayaran_kredit`
--
ALTER TABLE `pembayaran_kredit`
  ADD PRIMARY KEY (`id`),
  ADD KEY `id_kredit` (`id_kredit`);

--
-- Indexes for table `pengeluaran`
--
ALTER TABLE `pengeluaran`
  ADD PRIMARY KEY (`id`);

--
-- Indexes for table `pengeluaran_upload_log`
--
ALTER TABLE `pengeluaran_upload_log`
  ADD PRIMARY KEY (`id`);

--
-- Indexes for table `pos_penerimaan`
--
ALTER TABLE `pos_penerimaan`
  ADD PRIMARY KEY (`id`);

--
-- Indexes for table `pos_pengeluaran`
--
ALTER TABLE `pos_pengeluaran`
  ADD PRIMARY KEY (`id`);

--
-- Indexes for table `produk_kredit`
--
ALTER TABLE `produk_kredit`
  ADD PRIMARY KEY (`id`);

--
-- Indexes for table `role`
--
ALTER TABLE `role`
  ADD PRIMARY KEY (`id`);

--
-- Indexes for table `role_detail`
--
ALTER TABLE `role_detail`
  ADD PRIMARY KEY (`id`);

--
-- Indexes for table `saham_anggota`
--
ALTER TABLE `saham_anggota`
  ADD PRIMARY KEY (`id`);

--
-- Indexes for table `saham_anggota_deleted`
--
ALTER TABLE `saham_anggota_deleted`
  ADD PRIMARY KEY (`id`);

--
-- Indexes for table `saham_background`
--
ALTER TABLE `saham_background`
  ADD PRIMARY KEY (`id`);

--
-- Indexes for table `saham_kk`
--
ALTER TABLE `saham_kk`
  ADD PRIMARY KEY (`id`);

--
-- Indexes for table `saham_kk2`
--
ALTER TABLE `saham_kk2`
  ADD PRIMARY KEY (`id`);

--
-- Indexes for table `saham_kk_deleted`
--
ALTER TABLE `saham_kk_deleted`
  ADD PRIMARY KEY (`id`);

--
-- Indexes for table `saham_mutasi`
--
ALTER TABLE `saham_mutasi`
  ADD PRIMARY KEY (`id`);

--
-- Indexes for table `saham_resign`
--
ALTER TABLE `saham_resign`
  ADD PRIMARY KEY (`id`);

--
-- Indexes for table `status_saham`
--
ALTER TABLE `status_saham`
  ADD PRIMARY KEY (`id`);

--
-- Indexes for table `tipe_saham`
--
ALTER TABLE `tipe_saham`
  ADD PRIMARY KEY (`id`);

--
-- Indexes for table `users`
--
ALTER TABLE `users`
  ADD PRIMARY KEY (`user_id`);

--
-- Indexes for table `usersx`
--
ALTER TABLE `usersx`
  ADD PRIMARY KEY (`id`);

--
-- AUTO_INCREMENT for dumped tables
--

--
-- AUTO_INCREMENT for table `detail_penjualan`
--
ALTER TABLE `detail_penjualan`
  MODIFY `id` int(10) NOT NULL AUTO_INCREMENT, AUTO_INCREMENT=35;

--
-- AUTO_INCREMENT for table `detail_penjualan2`
--
ALTER TABLE `detail_penjualan2`
  MODIFY `id` int(11) NOT NULL AUTO_INCREMENT, AUTO_INCREMENT=17;

--
-- AUTO_INCREMENT for table `invoice`
--
ALTER TABLE `invoice`
  MODIFY `id` int(6) NOT NULL AUTO_INCREMENT, AUTO_INCREMENT=30;

--
-- AUTO_INCREMENT for table `kas`
--
ALTER TABLE `kas`
  MODIFY `id` int(2) NOT NULL AUTO_INCREMENT, AUTO_INCREMENT=3;

--
-- AUTO_INCREMENT for table `kelompok`
--
ALTER TABLE `kelompok`
  MODIFY `id` int(4) NOT NULL AUTO_INCREMENT, AUTO_INCREMENT=73;

--
-- AUTO_INCREMENT for table `konfigurasi`
--
ALTER TABLE `konfigurasi`
  MODIFY `id` int(4) NOT NULL AUTO_INCREMENT, AUTO_INCREMENT=32;

--
-- AUTO_INCREMENT for table `menu`
--
ALTER TABLE `menu`
  MODIFY `id` int(4) NOT NULL AUTO_INCREMENT, AUTO_INCREMENT=54;

--
-- AUTO_INCREMENT for table `migrations`
--
ALTER TABLE `migrations`
  MODIFY `id` bigint(20) UNSIGNED NOT NULL AUTO_INCREMENT;

--
-- AUTO_INCREMENT for table `nasabah_kredit`
--
ALTER TABLE `nasabah_kredit`
  MODIFY `id` int(4) NOT NULL AUTO_INCREMENT, AUTO_INCREMENT=71;

--
-- AUTO_INCREMENT for table `pelanggan`
--
ALTER TABLE `pelanggan`
  MODIFY `id` int(11) NOT NULL AUTO_INCREMENT, AUTO_INCREMENT=100;

--
-- AUTO_INCREMENT for table `pembayaran`
--
ALTER TABLE `pembayaran`
  MODIFY `id` int(6) NOT NULL AUTO_INCREMENT, AUTO_INCREMENT=11;

--
-- AUTO_INCREMENT for table `pembayaran_kredit`
--
ALTER TABLE `pembayaran_kredit`
  MODIFY `id` int(6) NOT NULL AUTO_INCREMENT, AUTO_INCREMENT=161;

--
-- AUTO_INCREMENT for table `pengeluaran`
--
ALTER TABLE `pengeluaran`
  MODIFY `id` int(6) NOT NULL AUTO_INCREMENT, AUTO_INCREMENT=940;

--
-- AUTO_INCREMENT for table `pengeluaran_upload_log`
--
ALTER TABLE `pengeluaran_upload_log`
  MODIFY `id` int(6) NOT NULL AUTO_INCREMENT, AUTO_INCREMENT=769;

--
-- AUTO_INCREMENT for table `pos_penerimaan`
--
ALTER TABLE `pos_penerimaan`
  MODIFY `id` int(4) NOT NULL AUTO_INCREMENT, AUTO_INCREMENT=8;

--
-- AUTO_INCREMENT for table `pos_pengeluaran`
--
ALTER TABLE `pos_pengeluaran`
  MODIFY `id` int(4) NOT NULL AUTO_INCREMENT, AUTO_INCREMENT=12;

--
-- AUTO_INCREMENT for table `produk_kredit`
--
ALTER TABLE `produk_kredit`
  MODIFY `id` int(4) NOT NULL AUTO_INCREMENT, AUTO_INCREMENT=25;

--
-- AUTO_INCREMENT for table `role`
--
ALTER TABLE `role`
  MODIFY `id` int(11) NOT NULL AUTO_INCREMENT, AUTO_INCREMENT=7;

--
-- AUTO_INCREMENT for table `role_detail`
--
ALTER TABLE `role_detail`
  MODIFY `id` int(2) NOT NULL AUTO_INCREMENT, AUTO_INCREMENT=525;

--
-- AUTO_INCREMENT for table `saham_anggota`
--
ALTER TABLE `saham_anggota`
  MODIFY `id` int(4) NOT NULL AUTO_INCREMENT, AUTO_INCREMENT=6077;

--
-- AUTO_INCREMENT for table `saham_anggota_deleted`
--
ALTER TABLE `saham_anggota_deleted`
  MODIFY `id` int(4) NOT NULL AUTO_INCREMENT;

--
-- AUTO_INCREMENT for table `saham_background`
--
ALTER TABLE `saham_background`
  MODIFY `id` int(11) NOT NULL AUTO_INCREMENT;

--
-- AUTO_INCREMENT for table `saham_kk`
--
ALTER TABLE `saham_kk`
  MODIFY `id` int(11) NOT NULL AUTO_INCREMENT, AUTO_INCREMENT=220;

--
-- AUTO_INCREMENT for table `saham_kk2`
--
ALTER TABLE `saham_kk2`
  MODIFY `id` int(11) NOT NULL AUTO_INCREMENT, AUTO_INCREMENT=256;

--
-- AUTO_INCREMENT for table `saham_kk_deleted`
--
ALTER TABLE `saham_kk_deleted`
  MODIFY `id` int(11) NOT NULL AUTO_INCREMENT;

--
-- AUTO_INCREMENT for table `saham_mutasi`
--
ALTER TABLE `saham_mutasi`
  MODIFY `id` int(4) NOT NULL AUTO_INCREMENT, AUTO_INCREMENT=10;

--
-- AUTO_INCREMENT for table `saham_resign`
--
ALTER TABLE `saham_resign`
  MODIFY `id` int(4) NOT NULL AUTO_INCREMENT, AUTO_INCREMENT=2;

--
-- AUTO_INCREMENT for table `status_saham`
--
ALTER TABLE `status_saham`
  MODIFY `id` int(2) NOT NULL AUTO_INCREMENT, AUTO_INCREMENT=4;

--
-- AUTO_INCREMENT for table `tipe_saham`
--
ALTER TABLE `tipe_saham`
  MODIFY `id` int(2) NOT NULL AUTO_INCREMENT, AUTO_INCREMENT=4;

--
-- AUTO_INCREMENT for table `users`
--
ALTER TABLE `users`
  MODIFY `user_id` int(11) NOT NULL AUTO_INCREMENT, AUTO_INCREMENT=9;

--
-- AUTO_INCREMENT for table `usersx`
--
ALTER TABLE `usersx`
  MODIFY `id` int(11) NOT NULL AUTO_INCREMENT COMMENT 'Primary Key', AUTO_INCREMENT=3;
COMMIT;

/*!40101 SET CHARACTER_SET_CLIENT=@OLD_CHARACTER_SET_CLIENT */;
/*!40101 SET CHARACTER_SET_RESULTS=@OLD_CHARACTER_SET_RESULTS */;
/*!40101 SET COLLATION_CONNECTION=@OLD_COLLATION_CONNECTION */;
